Player,Year,MONTH,GP,MIN,PTS,FGM,FGA,FG_PCT,FG3M,FG3A,FG3_PCT,FTM,FTA,FT_PCT,OREB,DREB,REB,AST,TOV,STL,BLK,PF,FP,DD2,TD3,PLUS_MINUS
Al Harrington,2010,October,3,37,24.7,9.3,19,0.491,1,6,0.167,5,5.7,0.882,0.7,3.3,4,1.3,3,1,0,4,31.5,0,0,-4.3
Al Harrington,2010,November,14,30.3,18.6,6.4,14.9,0.433,1.6,5.1,0.324,4.1,5,0.814,1.7,4.9,6.6,1.6,2.2,1.3,0.5,3.4,32,2,0,-5.4
Al Harrington,2010,December,15,31.6,17.6,6.6,15,0.44,1.7,5.7,0.294,2.7,4.1,0.661,1.5,4.7,6.2,1.6,1.9,0.6,0.6,2.5,29.1,1,0,1.3
Al Harrington,2010,January,11,25.9,15.6,5,12.6,0.396,1.7,5.3,0.328,3.9,4.7,0.827,1.1,3.5,4.5,1.1,1.3,0.5,0.2,2.5,23.6,1,0,-2.4
Al Harrington,2010,February,11,30.2,19,6.6,14,0.474,2.9,6.5,0.444,2.8,4.2,0.674,0.6,4,4.6,2.1,1.5,1.1,0.2,2.8,30.1,0,0,-1.5
Al Harrington,2010,March,16,31.4,16.4,5.8,13.5,0.426,2,5.5,0.364,2.9,3.8,0.754,1,5.2,6.2,1.5,1.7,0.6,0.3,3.1,27.2,2,0,-5.5
Al Harrington,2010,April,2,32.9,17.5,5.5,15.5,0.355,3,8.5,0.353,3.5,4.5,0.778,2,1.5,3.5,0.5,3,2,0.5,2,27,0,0,-12.5
Al Harrington,2011,October,3,26.1,16.3,6,14.7,0.409,3,7,0.429,1.3,2,0.667,1.7,4.3,6,1.3,1.7,0.7,0.3,4,26.9,1,0,7
Al Harrington,2011,November,13,28.2,12.4,4.5,10.9,0.415,1.7,4.5,0.379,1.6,2.2,0.75,1.1,4.5,5.5,1.9,1.5,0.7,0.3,3.5,23.4,0,0,1.3
Al Harrington,2011,December,13,24.7,10.8,3.8,9.2,0.412,2.2,5.7,0.378,1.2,1.6,0.714,0.5,4,4.5,1.6,2.1,0.5,0.2,2.7,18.7,0,0,0.9
Al Harrington,2011,January,13,24.6,11.9,4.2,9.8,0.43,2.3,5.4,0.429,1.2,1.5,0.789,0.8,4,4.8,1.5,1.4,0.6,0.2,3.2,21,0,0,3.2
Al Harrington,2011,February,13,19.4,7,2.8,7.2,0.394,0.5,3.1,0.175,0.8,1.2,0.625,1.5,3.5,4.9,0.8,1.2,0.3,0.1,2.8,14.1,0,0,-3.2
Al Harrington,2011,March,11,18.3,9.9,3.9,8.7,0.448,1.2,3.5,0.342,0.9,1.4,0.667,1.4,1.9,3.3,1,1.1,0.5,0,1.5,15.9,0,0,6.7
Al Harrington,2011,April,7,17.7,8.4,2.9,7.4,0.385,1.1,3.9,0.296,1.6,1.7,0.917,0.7,2.1,2.9,1.3,1.1,0.4,0,2.3,13.9,0,0,0.9
Samuel Dalembert,2010,October,3,23.1,8,2.3,5.3,0.438,0,0,0,3.3,4.3,0.769,1.3,4.7,6,0,2.3,0,1.7,4,17.9,1,0,3.7
Samuel Dalembert,2010,November,15,25.7,5.9,2.5,5.5,0.451,0,0,0,1,1.3,0.789,3,5.1,8.1,1.6,2,0.5,2,3.2,23.7,1,0,-2.3
Samuel Dalembert,2010,December,14,22.8,6.5,2.9,5.7,0.5,0,0,0,0.8,0.9,0.917,2.7,6.1,8.9,1.2,1.4,0.4,2.4,3.2,25.7,2,0,-3.3
Samuel Dalembert,2010,January,15,29.8,9.8,4.1,6.8,0.608,0,0,0,1.5,1.7,0.885,3.5,8.9,12.3,0.7,1.3,1.1,2.3,3.4,34.5,8,0,-0.3
Samuel Dalembert,2010,February,11,24.6,7.6,3.5,7.3,0.488,0,0,0,0.5,1.1,0.5,2.5,7.2,9.7,0.2,1.3,0.3,1.5,2.8,23.8,2,0,-2.5
Samuel Dalembert,2010,March,17,25.7,9.9,4.3,6.8,0.629,0,0,0,1.4,2.1,0.639,3.2,5.9,9.1,0.4,1.3,0.5,1.4,3,25.7,6,0,-5.5
Samuel Dalembert,2010,April,7,28,9,3.9,6.7,0.574,0,0,0,1.3,2.1,0.6,2.6,8,10.6,0.7,1.6,0.3,1,2,25,2,0,-2.9
Samuel Dalembert,2011,October,2,11.4,2,1,2.5,0.4,0,0,0,0,0,0,0.5,2,2.5,0,1,0,2,1.5,10,0,0,-3.5
Samuel Dalembert,2011,November,13,24.2,5,2.2,5.6,0.384,0,0,0,0.7,1.2,0.563,3.5,5.2,8.6,1.1,1.4,0.2,2,2.5,22.3,0,0,-2.7
Samuel Dalembert,2011,December,12,19.1,4.8,1.9,4.4,0.434,0,0.1,0,0.9,1.3,0.733,2,4.4,6.4,0.7,1.6,0.3,1.7,3.1,17.6,1,0,-1.4
Samuel Dalembert,2011,January,16,18.8,6.9,3,5.6,0.539,0,0.1,0,0.9,1.1,0.833,1.4,3.3,4.6,0.8,0.9,0.4,1.3,2.1,17.6,1,0,-1.4
Samuel Dalembert,2011,February,13,26.3,11.2,4.5,9,0.496,0,0,0,2.2,2.9,0.763,2.5,6.5,9,0.8,1.7,0.5,0.9,3.6,25.8,3,0,-2.5
Samuel Dalembert,2011,March,16,28.6,10.8,4.5,9.6,0.471,0,0,0,1.8,2.5,0.7,3.4,7.3,10.7,0.9,2.7,0.6,1.4,2.9,28.3,6,0,-4.9
Samuel Dalembert,2011,April,8,33.6,11.3,4.6,9.6,0.481,0,0,0,2,2.6,0.762,4.1,8.5,12.6,1,1.6,1,1.4,3.4,33.4,5,0,-7.3
Josh Childress,2011,October,3,16.7,3.3,1.7,3.3,0.5,0,0.3,0,0,0.7,0,0.7,1.3,2,0,0.3,0.7,0.3,1,8.4,0,0,-1.7
Josh Childress,2011,November,14,18.6,6.7,2.5,4.3,0.583,0,0.1,0,1.7,2.2,0.774,1.8,2.1,3.9,1.2,1,0.3,0.4,1.4,14.4,0,0,-0.6
Josh Childress,2011,December,10,15.5,4.8,2.3,4.2,0.548,0,0.2,0,0.2,1.1,0.182,1.3,1,2.3,0.4,0.8,0.9,0.3,1.7,11,0,0,-2.7
Josh Childress,2011,January,5,17.4,2.8,1.2,3.2,0.375,0,0.8,0,0.4,1.2,0.333,1.4,2.4,3.8,1,1.8,0,0.4,1,8.3,0,0,-4.8
Josh Childress,2011,February,2,5.8,3,1.5,1.5,1,0,0,0,0,0,0,0.5,0.5,1,0,0,0,0,0.5,4.2,0,0,-1.5
Josh Childress,2011,March,12,14.4,4.8,2.3,3.9,0.596,0.1,0.3,0.25,0.1,0.3,0.25,1.1,1.3,2.4,1,0.6,0.5,0.6,1.2,11.9,0,0,-1.8
Josh Childress,2011,April,8,19.5,5.3,2.6,4.5,0.583,0,0.4,0,0,0.6,0,1,1.6,2.6,0.5,0.6,1.5,0.5,1.1,14.5,0,0,-4.9
James Anderson,2011,October,2,18.7,7.5,2.5,6,0.417,1.5,3.5,0.429,1,1,1,0,0.5,0.5,1,0.5,0.5,0.5,2,12.1,0,0,1
James Anderson,2011,November,4,17.1,6.8,2.3,5.3,0.429,1.8,3.3,0.538,0.5,1,0.5,0,1.3,1.3,1.8,0.8,0.3,0.5,1.3,12.4,0,0,-2.5
James Anderson,2011,January,1,3.3,2,1,2,0.5,0,1,0,0,0,0,0,1,1,0,0,0,0,0,3.2,0,0,-3
James Anderson,2011,February,5,8.4,2.2,0.8,2.2,0.364,0.4,1.2,0.333,0.2,0.2,1,0,0.6,0.6,0.6,0.4,0,0,0.6,3.4,0,0,-1.6
James Anderson,2011,March,11,8.6,2.6,0.8,1.9,0.429,0.5,1,0.455,0.5,0.6,0.857,0.1,0.7,0.8,0.5,0.2,0.1,0.1,0.7,4.8,0,0,-0.5
James Anderson,2011,April,3,13.5,3.3,1,4.7,0.214,0.3,2.7,0.125,1,1.3,0.75,0.3,1,1.3,0,1.7,0,0.7,1.3,5.3,0,0,-8
David Lee,2010,October,3,34.7,16,6.3,11.3,0.559,0,0,0,3.3,5,0.667,3.3,7.3,10.7,2,0.7,0.3,0.7,3.7,34.1,1,0,-18.7
David Lee,2010,November,14,32.9,18.6,7.5,13.9,0.541,0,0.1,0,3.6,4.7,0.773,2.1,7.8,9.9,2.8,2.7,1.3,0.4,3.2,37,6,0,-5
David Lee,2010,December,15,39.4,19.8,8.5,13.5,0.626,0,0.1,0,2.9,3.6,0.796,2.5,9.5,12,3.2,2.6,1.1,0.4,3.1,40.8,10,0,5.6
David Lee,2010,January,15,38.7,21.1,9.1,18,0.504,0,0.1,0,3,3.7,0.818,2.7,9.9,12.6,4.7,2.3,0.9,0.3,2.7,44.4,11,0,-2.9
David Lee,2010,February,11,38.4,23.5,10.3,17.8,0.577,0,0,0,2.9,3.2,0.914,3.4,8.3,11.6,3.8,2.6,0.9,0.8,3,45.7,9,0,-3.4
David Lee,2010,March,15,37.6,18.8,7.4,14.7,0.505,0,0.2,0,4,4.9,0.811,3.3,9.5,12.8,3.7,1.9,1.3,0.7,3.3,43.8,11,0,-4.9
David Lee,2010,April,8,37.1,22.1,9.4,17.6,0.532,0,0.1,0,3.4,3.9,0.871,3,8.1,11.1,4.4,2.4,0.9,0.5,3.8,43.8,5,1,-7.8
David Lee,2011,October,3,29.8,10.7,4,8.7,0.462,0,0,0,2.7,4,0.667,2,8,10,3.7,3.3,0,0.3,3,25.8,2,0,-1.3
David Lee,2011,November,7,38.2,15.7,6.4,14,0.459,0,0,0,2.9,4,0.714,4.7,5.7,10.4,2.9,2.3,1.9,0.3,1.7,36.7,4,0,3.9
David Lee,2011,December,14,37.9,15.8,6.2,13.1,0.473,0,0,0,3.4,4.4,0.77,3.3,6.5,9.8,3.6,2.9,0.7,0.5,2.5,33.7,6,0,-5.1
David Lee,2011,January,14,36.2,17.5,7.2,13,0.555,0,0.1,0,3.1,3.6,0.843,2,7.2,9.2,3.5,2.2,0.9,0.3,3.4,35,8,0,2.7
David Lee,2011,February,11,33.2,16.4,6.7,14.6,0.46,0,0,0,2.9,3.7,0.78,2.5,5.6,8.2,2.8,2.1,0.8,0.4,2.8,31.9,5,0,-7.7
David Lee,2011,March,18,35.2,16.7,7.1,13.2,0.534,0.1,0.1,1,2.6,3.2,0.793,3.2,7.1,10.3,2.8,1.9,1.1,0.5,3.2,36.2,9,0,-3.7
David Lee,2011,April,6,40.3,19,8.3,14.8,0.562,0,0.2,0,2.3,2.7,0.875,3.2,8.5,11.7,3.5,2.5,1.7,0.7,3.2,42.8,3,0,7.2
Udonis Haslem,2010,October,2,29.5,9,4,9,0.444,0,0,0,1,1.5,0.667,3,6.5,9.5,1,3,0.5,0,2.5,20.4,1,0,-5.5
Udonis Haslem,2010,November,12,30.6,11,4.5,9.6,0.47,0,0,0,2,2.9,0.686,2.5,5.9,8.4,0.8,0.8,0.2,0.4,1.9,23.3,4,0,-0.8
Udonis Haslem,2010,December,14,26.6,9.9,3.9,7.6,0.519,0,0,0,2,2.4,0.824,1.4,4.7,6.1,0.6,1,0.4,0.1,2.6,18.8,2,0,-0.3
Udonis Haslem,2010,January,17,26.6,9.5,3.8,8.6,0.438,0,0,0,2,2.4,0.85,2.2,4.8,7,0.8,0.8,0.3,0.1,2.6,19.6,2,0,-3.2
Udonis Haslem,2010,February,13,24.6,8.6,3.5,7,0.505,0,0,0,1.5,1.8,0.87,1.8,5.7,7.5,0.5,0.7,0.3,0.3,1.8,19.5,3,0,0.9
Udonis Haslem,2010,March,14,29.2,9.6,3.9,6.9,0.557,0,0,0,1.9,2.6,0.703,2.3,7.9,10.1,0.5,0.9,0.6,0.6,2,25.1,5,0,3.8
Udonis Haslem,2010,April,6,32.8,12.5,5.2,9.8,0.525,0,0,0,2.2,3.5,0.619,3.2,7.7,10.8,0.7,1.7,0.7,0.3,2.2,27.8,4,0,13.2
Udonis Haslem,2011,October,4,22.6,6.3,2.3,5.8,0.391,0,0,0,1.8,2,0.875,2,6.5,8.5,0,0.8,0.5,0.3,3.5,18,1,0,1
Udonis Haslem,2011,November,9,28.3,8.8,3.9,7,0.556,0,0,0,1,1.3,0.75,2.3,5.7,8,0.7,1.2,0.6,0.2,2.8,20.5,3,0,5.4
Reggie Evans,2010,February,7,12.7,4.4,1.4,3.9,0.37,0,0,0,1.6,3.6,0.44,1.6,3.1,4.7,0.6,1,0.3,0.3,1.6,11.7,0,0,0.7
Reggie Evans,2010,March,15,10.4,3.1,1.1,1.7,0.654,0,0,0,0.8,1.7,0.48,0.9,2.3,3.2,0.3,0.7,0.7,0.1,1.6,9.2,0,0,-0.1
Reggie Evans,2010,April,6,10.9,3,1.2,2.7,0.438,0,0,0,0.7,1.7,0.4,1,3,4,0,0.7,0.2,0,1.5,7.6,0,0,-1.3
Reggie Evans,2011,October,2,30.2,1,0.5,2.5,0.2,0,0,0,0,0,0,4.5,10.5,15,0.5,0,1,0.5,4,24.3,0,0,10
Reggie Evans,2011,November,13,26.8,4.5,1.3,3.5,0.378,0,0,0,1.8,3.5,0.533,4.3,7.4,11.7,1.5,1.4,1.3,0.2,2.9,24,1,0,-9.6
Reggie Evans,2011,March,9,24,4.3,1.2,2.9,0.423,0,0.1,0,1.9,3.2,0.586,4.2,6.4,10.7,1.2,1.1,0.8,0.1,2.9,20.5,0,0,-4.1
Reggie Evans,2011,April,6,28.9,5.5,2.2,4.5,0.481,0,0,0,1.2,2.3,0.5,2.7,8.5,11.2,1,1.8,0.5,0.2,2.8,20.6,1,0,-5.7
Delonte West,2010,October,1,24.2,13,5,7,0.714,1,2,0.5,2,2,1,0,2,2,2,2,1,0,1,19.4,0,0,12
Delonte West,2010,November,8,17.6,3.8,1.5,4.6,0.324,0,0.5,0,0.8,1,0.75,0,1.5,1.5,3.4,1.1,0.5,0.5,1.1,12.5,1,0,0.5
Delonte West,2010,December,16,23.9,8.4,3.1,6.5,0.481,0.1,0.6,0.222,2.1,2.4,0.846,0.4,1.9,2.3,3,1.5,1.4,0.5,1.6,20,0,0,5.1
Delonte West,2010,January,10,27.3,8,2.8,6.5,0.431,1.1,2.1,0.524,1.3,1.6,0.813,0.5,2.6,3.1,2.4,1.5,0.8,0.8,1.2,18.6,0,0,3.1
Delonte West,2010,February,7,27.3,9.3,3.4,8.6,0.4,0.9,2.6,0.333,1.6,1.9,0.846,0.7,3.6,4.3,2.7,1,0.4,0.6,1,20.5,0,0,2.1
Delonte West,2010,March,13,27.7,12.5,4.6,9.2,0.504,0.3,1.2,0.25,3,3.7,0.813,0.5,2.8,3.3,3.8,1.7,0.8,0.2,1.8,23.8,0,0,4.8
Delonte West,2010,April,5,25.8,8.4,3,8.8,0.341,0.2,1.4,0.143,2.2,3.2,0.688,1.2,1.8,3,5.2,2.2,1,0.2,1.6,21.2,0,0,-0.4
Delonte West,2011,November,5,17.5,6.8,2.8,5,0.56,0.6,1.2,0.5,0.6,0.8,0.75,0.2,1.6,1.8,2,1,0.6,0.6,0.8,14.6,0,0,-4
Delonte West,2011,February,3,18.3,6.3,2.3,7.3,0.318,0.7,3,0.222,1,1,1,0,2,2,2.7,0.3,1.3,0,1,16.4,0,0,-3.3
Delonte West,2011,March,9,18.9,3.8,1.6,4,0.389,0.1,1,0.111,0.6,0.7,0.833,0.4,0.9,1.3,2.8,1.6,0.8,0.3,1.6,11.3,0,0,-2.2
Delonte West,2011,April,7,20,6.9,2.9,5.3,0.541,0.9,1.3,0.667,0.3,0.3,1,0.1,1.3,1.4,3,1.4,0.9,0.6,1.1,15.9,0,0,-5.3
Joe Johnson,2010,October,2,34.7,21,7.5,18.5,0.405,1,3.5,0.286,5,5.5,0.909,0,2.5,2.5,6,3,2,0,3,36,0,0,8.5
Joe Johnson,2010,November,15,39.2,21,8.1,18.7,0.436,1.5,4.8,0.319,3.2,3.7,0.857,1.4,4.1,5.5,4.2,2.5,0.9,0.1,2.1,34.2,0,0,5.9
Joe Johnson,2010,December,14,35.4,22.4,8.8,17.4,0.504,1.7,4.5,0.381,3.1,3.8,0.83,1.1,3.9,5.1,5.6,1.7,1.2,0,1.6,38.9,2,0,8.8
Joe Johnson,2010,January,15,38.5,20.9,8.5,19.1,0.446,2,5.3,0.38,1.8,2.3,0.771,0.9,3.3,4.1,4.4,1.7,1.1,0.1,1.9,34.4,0,0,0.7
Joe Johnson,2010,February,12,40,23.7,9.3,18.8,0.496,1.8,4.1,0.449,3.2,3.8,0.826,0.8,3.4,4.3,4.2,2.2,1.3,0.2,2.3,37.4,1,0,4.9
Joe Johnson,2010,March,14,38.2,19.2,7.4,17.7,0.415,1.4,4.1,0.333,3.1,3.9,0.8,1,3.6,4.6,5.8,1.8,0.9,0.1,1.6,34.6,1,0,2.4
Joe Johnson,2010,April,4,34.9,20.5,8,16,0.5,2.3,5.8,0.391,2.3,3.3,0.692,0,4.3,4.3,4.5,0.3,0.5,0,1.3,33.6,0,0,4.3
Joe Johnson,2011,October,3,35.4,23,7.3,16.3,0.449,1.3,4.3,0.308,7,9,0.778,0.7,3.3,4,4,4,1,0,1.7,32.8,0,0,5.3
Joe Johnson,2011,November,15,35.5,15.9,6.1,15.3,0.4,1.1,4.6,0.246,2.5,3,0.822,0.7,3.3,4.1,5.5,1.3,0.7,0.3,1.7,30.4,0,0,0.2
Joe Johnson,2011,December,8,37.9,17.5,6.4,16.5,0.386,1.5,5.3,0.286,3.3,4.1,0.788,0.6,3.8,4.4,7,1.8,0.6,0,1.6,33.4,1,0,4.9
Joe Johnson,2011,January,13,36.6,26,10.2,20.2,0.504,1.8,5,0.354,3.9,4.8,0.823,1.1,3.4,4.5,4.8,2.1,0.7,0,1.8,38.5,1,0,7.2
Joe Johnson,2011,February,12,34.7,16.6,7,15.1,0.464,1.1,3.3,0.333,1.5,1.8,0.857,1.1,2.8,3.8,4.6,2.5,0.5,0.2,1.9,27.6,0,0,1.4
Joe Johnson,2011,March,14,36.4,15.6,6.4,14.3,0.45,1.1,3.6,0.3,1.6,2.4,0.676,0.6,3.4,4.1,3.5,2.1,0.9,0.1,1.9,26.6,0,0,-2.9
Joe Johnson,2011,April,7,29.9,15.7,6.1,15.3,0.402,0.7,3.1,0.227,2.7,3,0.905,0.7,2.4,3.1,3.1,2,0.1,0,2.1,22.6,0,0,-5.7
Damion James,2011,October,3,9.9,1,0.3,2.7,0.125,0,0,0,0.3,1,0.333,0.3,1,1.3,0.7,0.3,0,0,1,3.3,0,0,-1.7
Damion James,2011,November,9,11.2,2.9,1.1,2.8,0.4,0,0,0,0.7,1.1,0.6,0.3,2.6,2.9,0.1,0.2,0,0.6,0.2,8,0,0,-0.7
Damion James,2011,December,5,17.5,4.8,2,5.4,0.37,0,0.4,0,0.8,1,0.8,0.8,3,3.8,1.4,2,1,0.4,2.2,13.7,0,0,-3
Damion James,2011,February,3,21.7,7.3,3.3,5.7,0.588,0,0,0,0.7,1,0.667,1.3,3.7,5,1.3,2,1.3,1,3,20.3,0,0,-7
Damion James,2011,March,5,23.9,7,3,5.2,0.577,0,0.2,0,1,1.4,0.714,1,3.2,4.2,1.2,1.2,1.4,0.4,2.2,18,0,0,3.4
Yi Jianlian,2010,October,3,33.9,11.7,4,9.3,0.429,0,0.3,0,3.7,4,0.917,1,7,8,0.3,1.7,0.3,1.3,3,25.1,1,0,-2.3
Yi Jianlian,2010,November,1,17.4,4,1,4,0.25,0,0,0,2,3,0.667,2,4,6,1,4,1,1,3,14.7,0,0,8
Yi Jianlian,2010,December,4,37.4,22.5,8.3,15.3,0.541,1,2.5,0.4,5,6.3,0.8,1.8,5.3,7,0,1.8,1.3,0.5,3.3,34.4,0,0,0.3
Yi Jianlian,2010,January,14,31.9,13.4,4.6,11.8,0.388,0.4,0.7,0.5,3.9,5,0.771,2,4.6,6.6,1,1.8,0.8,0.9,3.6,26.2,3,0,-10.3
Yi Jianlian,2010,February,13,30.9,9.2,3.5,10.4,0.341,0.1,0.4,0.2,2,2.5,0.788,2.8,4.7,7.5,1,1.4,0.4,0.8,3.2,21.7,1,0,-0.8
Yi Jianlian,2010,March,10,29.1,9.4,3.7,9.5,0.389,0.5,0.9,0.556,1.5,1.9,0.789,1.5,4.6,6.1,1,0.8,0.7,0.9,2.9,22.2,1,0,-4.9
Yi Jianlian,2010,April,7,35.2,13.4,4.9,10.7,0.453,0,0.9,0,3.7,4.4,0.839,3.4,5.6,9,1.1,1.4,1,1.9,3.6,33.1,3,0,-2.9
Yi Jianlian,2011,October,2,25.9,8,3,7,0.429,0,0.5,0,2,4,0.5,0,3,3,0,1.5,0.5,0.5,3.5,13.1,0,0,-7.5
Yi Jianlian,2011,November,6,20.3,7.5,2.8,6.7,0.425,0.2,0.7,0.25,1.7,2,0.833,0.8,2.3,3.2,1,1.5,0.5,1.8,1.5,18.3,0,0,1
Yi Jianlian,2011,December,7,14.5,4.7,1.7,5,0.343,0.1,0.4,0.333,1.1,1.6,0.727,1,3,4,0.4,1.1,0.4,0.3,1.6,11.2,0,0,-4.7
Yi Jianlian,2011,January,14,14.8,6.1,2.6,5.1,0.5,0.1,0.3,0.25,0.9,1,0.857,1.1,2.4,3.6,0.2,0.5,0.5,0.4,1.5,12.8,1,0,-2.9
Yi Jianlian,2011,February,11,12.7,2.7,1.2,3.3,0.361,0,0.1,0,0.4,0.5,0.667,1,1.8,2.8,0.4,0.7,0,0.3,1,6.7,0,0,-2.2
Yi Jianlian,2011,March,15,22.4,6.3,2.7,6.3,0.421,0,0,0,0.9,1.7,0.538,1.4,2.9,4.3,0.4,0.9,0.7,0.3,2.7,14.3,1,0,-7.3
Yi Jianlian,2011,April,8,19.1,6.5,2.6,6.9,0.382,0,0,0,1.3,1.8,0.714,2.4,3.8,6.1,0.4,0.3,0.3,0.6,2,16.8,1,0,-0.8
Joakim Noah,2010,October,2,27.6,13,5.5,9,0.611,0,0,0,2,3,0.667,6,4,10,3.5,2,0,2,2,34.3,2,0,-19
Joakim Noah,2010,November,13,34.4,11.2,4.5,8.6,0.518,0,0,0,2.3,3.4,0.682,3.9,8.5,12.4,2.2,1.9,0.8,1.5,3.5,34.3,7,0,-4.2
Joakim Noah,2010,December,15,35.4,9.4,3.5,8.3,0.419,0,0,0,2.5,3.3,0.74,4,8.9,12.9,2.5,2.5,0.6,2,3.1,33.8,6,0,-2.7
Joakim Noah,2010,January,14,29.8,13.4,4.9,9.2,0.527,0,0,0,3.7,4.2,0.881,3.4,8.3,11.7,1.7,1.8,0.7,1.6,3.5,35.3,8,0,1.1
Joakim Noah,2010,February,6,17.6,5.7,2.3,4.7,0.5,0,0,0,1,2.3,0.429,2.2,3,5.2,0.8,1.5,0.2,0.2,2,12.6,0,0,-1.5
Joakim Noah,2010,March,6,14.9,7,2.5,5,0.5,0,0,0,2,2.5,0.8,1.5,3.3,4.8,0.5,0.5,0,0.8,2.7,15.6,1,0,-1.5
Joakim Noah,2010,April,8,34.9,13.8,5.5,9.9,0.557,0,0,0,2.8,3.9,0.71,3.4,9.9,13.3,3.5,1.6,0.3,2.1,3,40.4,4,0,5.1
Joakim Noah,2011,October,2,39.2,16.5,6.5,12.5,0.52,0,0.5,0,3.5,5,0.7,7.5,10.5,18,1.5,2.5,1.5,2.5,2,49.9,2,0,4.5
Joakim Noah,2011,November,13,39,15.5,5.5,10.5,0.529,0,0,0,4.4,5.9,0.74,3.9,8.5,12.5,2.9,2,1.5,1.3,3.1,41.1,9,0,2.1
Joakim Noah,2011,December,9,33.1,11.4,4.4,9.1,0.488,0,0,0,2.6,3.7,0.697,3.3,5.9,9.2,2.6,2.2,0.7,1.9,3.7,31.8,4,0,4.4
Joakim Noah,2011,February,4,29.6,10.3,4.5,7.8,0.581,0,0,0,1.3,2,0.625,6,7,13,1,3,0.8,1,3.8,29.6,1,0,2.8
Joakim Noah,2011,March,14,30.7,9.4,3.4,6.6,0.516,0,0,0,2.5,3.4,0.745,3.4,5.9,9.3,1.8,1.4,0.7,1.1,3.7,27.3,4,0,5.9
Joakim Noah,2011,April,6,24.1,8.7,3.3,5.8,0.571,0,0,0,2,2.2,0.923,2.3,3.5,5.8,2.3,1.2,1.2,2.2,2,28,1,0,1.5
Craig Smith,2010,October,4,15.8,6.8,2.8,5.3,0.524,0,0.3,0,1.3,2.3,0.556,0.8,3,3.8,1,1.8,0.5,1,3,15.5,0,0,-4
Craig Smith,2010,November,14,16.2,6.6,2.7,4.4,0.613,0.1,0.1,1,1.1,1.7,0.625,1.4,2.4,3.7,1.4,1.1,0.6,0.1,2.4,14.2,0,0,-0.9
Craig Smith,2010,December,12,9.8,3.7,1.5,2.9,0.514,0,0,0,0.7,1.3,0.533,0.4,1.2,1.6,0.7,0.8,0.3,0.2,1.6,7.2,0,0,-1.7
Craig Smith,2010,January,15,20.8,11.9,4.5,7.2,0.62,0,0.1,0,2.9,4.6,0.638,1.9,2.9,4.9,1.3,1.7,0.2,0.2,3.1,19.1,0,0,2
Craig Smith,2010,February,12,16.8,9,3.3,5.9,0.563,0,0,0,2.3,3.3,0.7,1.3,2.8,4.2,0.8,1.2,0.4,0.5,2.3,16.7,0,0,-6.2
Craig Smith,2010,March,13,16.1,7.1,2.7,5.6,0.479,0,0.1,0,1.7,2.7,0.629,1.5,3.2,4.8,0.9,1.2,0.6,0.6,3,16.6,1,0,0
Craig Smith,2010,April,5,20.4,8.8,3.4,5.4,0.63,0,0.2,0,2,3.2,0.625,1,2.2,3.2,2.4,0.2,0.6,0,3.2,17.8,0,0,0.2
Craig Smith,2011,October,1,11.4,4,2,3,0.667,0,0,0,0,0,0,3,3,6,1,0,0,0,2,12.7,0,0,12
Craig Smith,2011,November,14,16.4,7.1,2.9,4.6,0.615,0,0.2,0,1.4,1.9,0.769,1.3,1.9,3.1,1.2,0.9,0.4,0.1,2.6,13.4,0,0,-1.1
Craig Smith,2011,December,9,10.2,3.9,1.6,3.1,0.5,0,0.1,0,0.8,1.2,0.636,0.6,1.6,2.1,0.7,1,0.3,0,1.8,7.4,0,0,-3.1
Craig Smith,2011,February,4,7.7,4,2,3,0.667,0,0,0,0,0.3,0,0.3,1.8,2,0.3,0.5,0.3,0,0.5,7,0,0,0
Craig Smith,2011,March,13,8.9,4.2,1.7,3.2,0.524,0,0,0,0.8,1.2,0.688,0.8,0.9,1.7,0.3,0.4,0.2,0.2,0.7,7.5,0,0,0
Craig Smith,2011,April,7,15.4,6.9,2.6,5.4,0.474,0,0.1,0,1.7,2,0.857,0.9,1.7,2.6,0.3,0.7,0.6,0.4,2.7,12.7,0,0,-3.9
Chuck Hayes,2010,October,3,26.1,6,3,5.7,0.529,0,0,0,0,0,0,3,2.3,5.3,1.7,1,2.3,0.3,2,21.9,0,0,0.7
Chuck Hayes,2010,November,14,24.4,5.9,2.7,5.9,0.463,0,0,0,0.4,0.9,0.462,3,4.1,7.1,1.4,0.8,1.2,0.7,2.8,21.5,2,0,3.4
Chuck Hayes,2010,December,16,18.5,3.9,1.6,4,0.391,0,0,0,0.8,1.4,0.522,1.9,3.4,5.3,1.8,0.9,0.7,0.1,2.3,14.4,1,0,-1.3
Chuck Hayes,2010,January,14,21.8,4.1,1.9,3.9,0.491,0,0,0,0.2,0.3,0.75,1.6,4.1,5.7,1.9,1,0.7,0.8,2.5,17.2,1,0,-4.4
Chuck Hayes,2010,February,11,19.7,4,1.9,3.8,0.5,0,0,0,0.2,0.6,0.286,1.7,3.4,5.1,1.8,1.5,0.7,0.5,2.6,15.2,0,0,3.2
Chuck Hayes,2010,March,16,20.7,3.5,1.5,2.6,0.571,0,0,0,0.5,0.8,0.615,1.1,3.2,4.3,1.9,0.6,0.6,0.4,2.9,13.7,0,0,-0.6
Chuck Hayes,2010,April,8,25.4,4.9,2.1,3.4,0.63,0,0,0,0.6,0.8,0.833,1.5,6,7.5,1.4,0.8,1.4,0.9,3.3,21.9,0,0,1
Chuck Hayes,2011,October,3,23.3,6,2.7,4.3,0.615,0,0,0,0.7,2,0.333,1.3,2.3,3.7,2.7,2,0.3,0.7,3.3,15.4,0,0,-7.3
Chuck Hayes,2011,November,14,19.2,5.4,1.9,4.1,0.474,0,0,0,1.5,1.9,0.808,2.3,3.9,6.1,1.6,0.9,0.3,0.4,1.9,16.2,0,0,-3.4
Chuck Hayes,2011,December,14,23.5,6.7,2.6,4.4,0.59,0,0,0,1.6,1.9,0.815,2.1,3.9,6.1,1.5,0.9,1.1,0.7,2.7,20.7,1,0,5.1
Chuck Hayes,2011,January,10,31.5,9.5,4.4,6.8,0.647,0,0,0,0.7,1.4,0.5,3,5.2,8.2,3.1,1.1,1.5,1,3,30.4,0,0,6.4
Chuck Hayes,2011,February,12,31.6,9.3,4,7.6,0.527,0,0,0,1.3,2.3,0.593,4.2,5.6,9.8,3.3,1,1.3,0.8,3,31.4,4,0,0.6
Chuck Hayes,2011,March,14,32.7,8.5,3.5,8,0.438,0,0.1,0,1.5,2.4,0.618,3.4,6.6,10,3.8,1.6,1.1,0.6,2.8,29.8,2,1,6.1
Chuck Hayes,2011,April,7,37,9.9,4.6,8.7,0.525,0,0.1,0,0.7,1.1,0.625,3.6,7.6,11.1,4,1.4,1.7,0.6,3,34.7,4,0,7.3
Anderson Varejao,2010,October,4,31.6,7.5,2.8,6.8,0.407,0,0,0,2,2.3,0.889,2.5,4.8,7.3,1,1,2,0.8,3.5,25,1,0,10.3
Anderson Varejao,2010,November,11,29,7,2.9,4.8,0.604,0,0.1,0,1.2,2.3,0.52,2.4,6.2,8.5,1.2,0.6,0.8,1,3.4,23.8,2,0,4.5
Anderson Varejao,2010,December,17,30.7,8.7,3.6,6.9,0.517,0.1,0.1,0.5,1.5,2.3,0.641,2.4,5.2,7.6,0.8,0.8,0.9,1.1,2.8,24.2,1,0,12.1
Anderson Varejao,2010,January,15,29.1,8.9,3.4,6.3,0.537,0,0.1,0,2.1,3.1,0.674,2.9,5.5,8.5,1.1,1.5,0.9,0.9,3.3,24.8,2,0,5.1
Anderson Varejao,2010,February,11,26.5,9.4,4.1,6.6,0.616,0,0.1,0,1.2,1.4,0.867,2.4,4.3,6.6,1,0.8,1,1.2,3.2,24.6,1,0,3.3
Anderson Varejao,2010,March,13,27.2,9.6,4.2,6,0.692,0,0,0,1.3,2,0.654,2.9,4.9,7.8,1.7,0.6,0.6,0.5,2.3,24.4,4,0,8.4
Anderson Varejao,2010,April,5,23.5,7,2.6,4.6,0.565,0,0,0,1.8,3,0.6,0.8,3.8,4.6,1.4,0.8,1.2,0.2,2,18,0,0,-1
Anderson Varejao,2011,October,2,33.5,8,3,5,0.6,0,1,0,2,4,0.5,2,7.5,9.5,2,1.5,0.5,1,3,25.4,0,0,-1
Anderson Varejao,2011,November,13,31.1,8.8,3.8,7.3,0.516,0,0,0,1.3,2.2,0.607,3,6.1,9.1,1.8,1.3,0.7,1.1,2.6,26.4,3,0,-2.4
Anderson Varejao,2011,December,15,32.5,9.8,3.9,7.1,0.542,0,0,0,2.1,2.9,0.721,3.5,6.9,10.4,1.1,1.3,1.1,1.5,3,30.3,4,0,-8.4
Anderson Varejao,2011,January,1,35.3,4,1,4,0.25,0,0,0,2,2,1,2,6,8,1,1,1,0,2,17.1,0,0,-12
Brandan Wright,2011,October,3,13.9,6.3,3,5.3,0.563,0,0,0,0.3,0.3,1,1.3,2.3,3.7,0.7,0.7,0,1,2.3,14.1,0,0,1.3
Brandan Wright,2011,November,5,11.7,4.6,1.8,3.8,0.474,0,0,0,1,1.4,0.714,1,1.2,2.2,0,0.8,0,0.8,1.4,8.8,0,0,-2
Brandan Wright,2011,December,1,3.6,2,1,1,1,0,0,0,0,0,0,0,0,0,0,0,0,0,0,2,0,0,-3
Brandan Wright,2011,January,7,6.6,2.7,1.3,2,0.643,0,0,0,0.1,0.3,0.5,0.4,1.3,1.7,0.1,0.3,0.1,0.1,0.7,5.6,0,0,-3.9
Brandan Wright,2011,February,5,8.9,4,2,2.6,0.769,0,0,0,0,0.8,0,0.4,1,1.4,0.4,0.4,0.4,0.4,0,8.3,0,0,-0.6
Brandan Wright,2011,March,8,7.2,1.9,0.6,2.4,0.263,0,0,0,0.6,0.8,0.833,0.6,2,2.6,0.1,0,0,0.1,0.5,5.6,0,0,-2.6
Brandan Wright,2011,April,8,15.7,5.4,2.1,4.4,0.486,0,0,0,1.1,1.4,0.818,1.5,1.9,3.4,0.8,0.5,1,0.8,1.4,15.3,1,0,-0.9
Danilo Gallinari,2010,October,3,30.8,22.7,7.3,15.7,0.468,6,12,0.5,2,2.7,0.75,1.7,3,4.7,1.3,1.3,0.3,0.7,3,31.9,0,0,-10.3
Danilo Gallinari,2010,November,14,28.4,11.1,3.8,8.7,0.434,2.1,5.3,0.405,1.4,1.6,0.864,0.5,3.8,4.3,1.4,1.4,0.8,0.6,2,21.2,1,0,-1.6
Danilo Gallinari,2010,December,14,32.6,16.1,4.9,12.3,0.395,2.7,7.5,0.362,3.6,4.6,0.797,0.7,4.5,5.2,1.9,1.4,1.1,1.1,2.1,30.4,2,0,2.4
Danilo Gallinari,2010,January,15,35,14.9,4.8,11.5,0.416,2.4,6.2,0.387,2.9,3.4,0.863,0.7,5.1,5.8,1.7,1.3,0.9,0.7,2.2,28,2,0,1.5
Danilo Gallinari,2010,February,11,33.6,10.1,3.3,7.9,0.414,1.3,4.1,0.311,2.3,3.4,0.676,0.7,4.4,5.1,1.5,0.8,0.8,0.9,2.8,22.9,0,0,-4.7
Danilo Gallinari,2010,March,16,36.9,16.2,5.3,12.2,0.431,1.8,4.9,0.359,3.9,4.8,0.818,0.8,3,3.8,1.3,1.4,1.1,0.6,2.6,26.2,0,0,-4.1
Danilo Gallinari,2010,April,8,39.5,22.4,7.1,16.4,0.435,2.8,7.1,0.386,5.4,6,0.896,1.4,4.5,5.9,2.8,2.3,1,0.3,2.5,35.1,0,0,-2.1
Danilo Gallinari,2011,October,3,19.9,6,1.7,8,0.208,0.7,3.7,0.182,2,2,1,0,3,3,0.7,0.3,0.3,0.3,2,12.3,0,0,-5.7
Danilo Gallinari,2011,November,16,35.8,17.3,4.5,10.8,0.419,2.2,5.6,0.389,6.1,6.8,0.907,1.3,3.9,5.2,1.6,1.1,0.9,0.4,2.3,28.7,1,0,3.3
Danilo Gallinari,2011,December,13,37.2,14.7,4.6,10.5,0.438,1.8,4.8,0.381,3.6,4.4,0.825,0.5,3.5,3.9,2.4,1.2,0.7,0.5,2.5,25.3,0,0,1.5
Danilo Gallinari,2011,January,9,33.3,18.2,5.1,11,0.465,1.7,4.3,0.385,6.3,7.3,0.864,1.6,2.4,4,1.2,0.9,0.7,0.4,2.6,27.3,0,0,-4
Danilo Gallinari,2011,February,9,35.1,16.2,4,10.8,0.371,0.9,4.8,0.186,7.3,7.8,0.943,1,6,7,1.6,2.1,1.1,0.6,2.4,29.8,1,0,-0.4
Danilo Gallinari,2011,March,6,30.6,16,3.8,8.8,0.434,1.7,4.2,0.4,6.7,8.3,0.8,0.8,4.5,5.3,1.5,2.2,0.8,0.3,2,26,0,0,5.7
Danilo Gallinari,2011,April,6,31.3,13,3.8,9.7,0.397,1.5,3.7,0.409,3.8,5.7,0.676,0.7,4.5,5.2,1.8,1.7,1,0.5,2.2,24.8,0,0,2.8
Danilo Gallinari,2012,December,4,30.9,12.3,3.8,11,0.341,0.5,4,0.125,4.3,4.5,0.944,0.5,4.8,5.3,2.8,1.3,1.8,0.5,1.5,28.2,0,0,3.5
Danilo Gallinari,2012,January,17,34.5,18.6,5.7,12.2,0.469,1.5,4.6,0.333,5.6,6.4,0.881,0.6,4.7,5.4,2.6,1.6,1.3,0.7,2,33.2,2,0,5.6
Danilo Gallinari,2012,February,4,28.2,15.3,4.8,10.5,0.452,1.8,4.5,0.389,4,4.5,0.889,1.3,3.3,4.5,2.5,1.8,0.3,0.5,2,24.9,0,0,-0.5
Danilo Gallinari,2012,March,8,26.2,9.5,2.9,8.5,0.338,1.3,3.6,0.345,2.5,3.1,0.8,0.6,3.4,4,2.5,1,0.6,0.3,1.8,19.7,0,0,1.5
Danilo Gallinari,2012,April,10,31.8,12.6,3.9,10.5,0.371,1.5,4.2,0.357,3.3,3.9,0.846,0.5,3.5,4,3.1,2,0.7,0.5,2.4,23.7,0,0,9.9
Caron Butler,2010,October,2,27.7,10.5,4,11,0.364,0.5,2,0.25,2,2,1,1,5,6,1,1.5,0.5,1,2,22.2,0,0,-3
Caron Butler,2010,November,11,39,17.3,6.2,15,0.412,0.6,2.4,0.269,4.3,5.3,0.81,2,5.2,7.2,1.2,2.9,1.4,0,2.2,28.8,2,0,-6.1
Caron Butler,2010,December,15,39.8,17.5,6.2,13.8,0.449,0.6,1.9,0.321,4.5,5.1,0.883,1.3,5.4,6.7,2.6,2.4,2,0.3,2.7,34.1,3,0,1.5
Caron Butler,2010,January,16,40.1,15.5,6.1,15,0.404,0.4,1.6,0.24,3,3.4,0.889,1.2,5.1,6.3,2.6,1.8,1.1,0.5,2.9,29.8,2,0,-0.8
Caron Butler,2010,February,9,39.1,18.3,7,16.8,0.417,0.3,2.1,0.158,4,4.8,0.837,1.4,4.8,6.2,2.7,2.9,1.8,0.4,2.9,33.6,1,0,2.4
Caron Butler,2010,March,15,33,15.5,6,13.1,0.459,0.8,2.1,0.375,2.7,3.5,0.755,1,4.3,5.3,1.7,1.4,1.7,0.2,2.4,28.6,1,0,-0.1
Caron Butler,2010,April,6,35.7,14.5,5.2,11.7,0.443,0.7,1.8,0.364,3.5,4.3,0.808,2.2,3.5,5.7,1.8,2.3,2,0.3,2.7,28.7,0,0,3.3
Caron Butler,2011,October,3,32.2,16,5.7,14.3,0.395,0.3,1,0.333,4.3,5.7,0.765,1.7,2.3,4,2.3,2.3,1.3,0.3,2,27,0,0,13.7
Caron Butler,2011,November,11,30,13.3,5.3,12.4,0.426,0.7,1.7,0.421,2,2.7,0.733,0.8,3.5,4.4,1.3,1.5,1.2,0.3,2.5,23.3,1,0,2.9
Caron Butler,2011,December,14,30.8,16.9,6.6,13.8,0.482,1.3,2.9,0.439,2.4,2.9,0.805,0.6,3.5,4.1,1.8,1.8,0.8,0.3,1.8,25.9,0,0,5.6
Caron Butler,2011,January,1,9.2,5,2,6,0.333,1,2,0.5,0,0,0,0,1,1,0,1,0,0,1,5.2,0,0,-3
Caron Butler,2012,December,3,33.6,13,4.7,10.3,0.452,1.3,4,0.333,2.3,3.3,0.7,0,4,4,3,1,1.3,0,1.7,25.3,1,0,0.7
Caron Butler,2012,January,14,33.6,15.6,5.9,13.2,0.443,2,5.5,0.364,1.9,2.6,0.722,0.6,3.3,3.9,1.6,1.5,1.4,0.1,1.9,25.6,0,0,7.6
Caron Butler,2012,February,13,31.7,12.4,4.4,11.3,0.388,1.8,5,0.354,1.8,2.1,0.889,0.8,3.3,4.2,1,1.7,0.7,0.2,2.5,19.9,0,0,3.4
Caron Butler,2012,March,19,28.1,9.3,3.7,10.4,0.359,0.7,2.4,0.311,1.1,1.3,0.875,1.2,2.3,3.5,1.2,0.6,0.6,0.1,2.1,16.7,0,0,2.8
Caron Butler,2012,April,14,25.2,11.3,4.5,10.3,0.438,1.6,4.1,0.397,0.6,0.7,0.9,0.2,2.9,3.1,0.8,1.4,0.6,0.1,1.4,17.2,0,0,5.5
Brandon Jennings,2010,October,2,33.1,20.5,8,15.5,0.516,2.5,4.5,0.556,2,3,0.667,0.5,5,5.5,6,4,1.5,0,5,36.6,0,0,2
Brandon Jennings,2010,November,14,35,22.1,8.1,19.2,0.42,2.4,4.8,0.493,3.6,4.6,0.785,0.8,3,3.8,5.6,3.3,1.1,0.3,1.6,36.2,0,0,1.4
Brandon Jennings,2010,December,14,35,16.7,6.1,16.4,0.376,1.6,5.1,0.324,2.8,3.3,0.848,0.7,2.6,3.4,6.5,2.2,0.9,0.4,2.7,31.9,1,0,-3.6
Brandon Jennings,2010,January,15,33.3,14.2,4.9,15,0.324,1.7,4.7,0.352,2.8,3.3,0.84,0.5,2.7,3.3,6.6,2.2,1.5,0.4,2.6,31.6,1,0,1
Brandon Jennings,2010,February,14,29.7,10.7,3.6,11.9,0.307,1,3.2,0.311,2.4,3.1,0.791,0.4,3.1,3.6,5.5,1.9,1.5,0.1,1.8,26.1,0,0,5.3
Brandon Jennings,2010,March,15,30.9,14.1,4.9,12.8,0.385,2.1,5.3,0.405,2.1,2.6,0.821,0.5,2.9,3.4,5.1,2.5,1.3,0.1,2.5,27.5,0,0,4.1
Brandon Jennings,2010,April,8,30.7,13.8,4.8,13,0.365,1.6,5.8,0.283,2.6,3,0.875,0.8,1.9,2.6,4.5,2.3,1.3,0.1,2.5,25.5,0,0,-0.5
Brandon Jennings,2011,October,3,38.6,16.3,5,12.3,0.405,1.7,5,0.333,4.7,6,0.778,1,4,5,9,1.7,0.3,0,3.7,35.2,2,1,-0.7
Brandon Jennings,2011,November,14,34.4,18.8,6.5,16.7,0.389,2.1,5.7,0.363,3.7,4.6,0.8,0.8,3.1,3.9,5,2.7,1.6,0.4,2.1,34.2,1,0,-2.4
Brandon Jennings,2011,December,8,36.1,17,6.1,15.6,0.392,1.6,4.1,0.394,3.1,4.6,0.676,0.6,3.3,3.9,5.1,2.3,0.9,0.4,1.9,30.8,1,0,-2
Brandon Jennings,2011,January,2,14.3,7,2.5,8,0.313,1,2.5,0.4,1,1,1,0,0,0,2,0.5,0,0,1,9.5,0,0,-2
Brandon Jennings,2011,February,12,31.2,11.4,4.3,12.5,0.34,1,4.2,0.24,1.9,2.2,0.885,0.8,2.2,2.9,3.9,2.2,1.8,0.3,2,24.6,0,0,-3.4
Brandon Jennings,2011,March,16,36.5,18,6.6,15.9,0.412,1.6,5.3,0.306,3.3,4,0.813,0.6,3.8,4.3,5.1,2.4,1.3,0.4,2,33.6,2,0,-0.1
Brandon Jennings,2011,April,8,36.9,16.5,5.6,13.6,0.413,1.4,4.4,0.314,3.9,4.3,0.912,0.6,3.1,3.8,4.4,2.5,2.9,0.3,2.3,34.4,0,0,3.6
Brandon Jennings,2012,December,3,35.8,22.7,7.7,16.7,0.46,1.7,5.7,0.294,5.7,6.7,0.85,0.7,2,2.7,5.3,2,0,0.3,1.3,32.9,0,0,2
Brandon Jennings,2012,January,17,36,19.5,7.6,17.2,0.44,2.4,6.2,0.377,1.9,2.4,0.805,0.7,2.7,3.4,5.5,2.5,1.9,0.2,1.6,35.7,2,0,-2.8
Brandon Jennings,2012,February,15,33.9,15.1,5.4,16.1,0.336,1.7,6.5,0.268,2.6,3.4,0.765,0.9,2.7,3.6,5.2,2,1.3,0.3,1.3,30.3,1,0,-5.7
Brandon Jennings,2012,March,17,35.2,20.5,7.6,17.5,0.434,1.9,5.6,0.347,3.4,4.3,0.781,0.8,2.4,3.2,5.9,2.1,1.8,0.3,2,37.3,1,0,3.1
Brandon Jennings,2012,April,14,36,20.4,7.6,17.1,0.446,1.8,5.2,0.342,3.4,3.9,0.87,0.6,3.1,3.6,5.4,2.3,1.6,0.5,2.1,36.9,2,0,-2.2
Matt Barnes,2010,October,2,21.1,4,1.5,6,0.25,0.5,2.5,0.2,0.5,1.5,0.333,0.5,2.5,3,1.5,2.5,0,0.5,1.5,8.9,0,0,10.5
Matt Barnes,2010,November,16,24.1,6.9,2.4,6.3,0.386,0.6,2.9,0.213,1.4,1.7,0.852,1.1,4.7,5.8,1.7,1.7,0.8,0.4,2.3,18.3,2,0,2.6
Matt Barnes,2010,December,13,20.5,8.1,3.3,6.8,0.489,0.4,2.2,0.172,1.1,1.4,0.778,1.3,3.3,4.6,1.3,1.3,0.5,0.5,2.2,17,0,0,5.2
Matt Barnes,2010,January,17,29.4,10.8,4.1,8.1,0.511,1.1,2.6,0.4,1.5,2.2,0.684,1.4,5.2,6.6,1.9,1.5,1,0.2,2.5,23.8,2,0,3.6
Matt Barnes,2010,February,12,27.6,7.8,2.8,5.8,0.478,0.8,2,0.417,1.5,1.9,0.783,1.3,4,5.3,1.9,1.3,0.5,0.3,2.4,18.4,0,0,5.4
Matt Barnes,2010,March,13,29.6,11.9,4.5,7.9,0.573,1.5,3.2,0.488,1.3,1.9,0.68,1.6,4.2,5.8,1.6,0.9,0.7,0.4,2.5,23.6,0,0,8.7
Matt Barnes,2010,April,8,23.5,7.4,3,5.9,0.511,0.3,2,0.125,1.1,1.5,0.75,1.1,3.3,4.4,1.3,1.3,1,0.5,1.6,17.8,1,0,10.4
Matt Barnes,2011,October,3,19,8,2.7,6.7,0.4,1.3,2.7,0.5,1.3,1.3,1,2,3.3,5.3,2,1,0.7,0,2.7,18.4,0,0,8.3
Matt Barnes,2011,November,15,21.9,9.2,3.3,6.6,0.505,1,2.5,0.405,1.5,2.1,0.742,1.7,3.4,5.1,2.2,1.5,0.8,0.5,2.9,21,1,0,3.7
Matt Barnes,2011,December,15,21.4,6.6,2.5,5.4,0.457,0.5,2.1,0.258,1.1,1.3,0.895,1.5,3.6,5.1,1.3,1.4,0.7,0.5,2.3,17.1,1,0,-0.2
Matt Barnes,2011,January,4,16,2.8,1.3,2.8,0.455,0.3,1.5,0.167,0,0,0,0.3,2,2.3,0.8,0.8,0.3,0.5,2,8.1,0,0,0.5
Matt Barnes,2011,March,11,15.2,5.1,1.8,4.4,0.417,0.5,1.8,0.25,1,1.3,0.786,0.9,2.3,3.2,0.6,0.4,1,0.2,2.2,13,0,0,-2.3
Matt Barnes,2011,April,5,16.4,5.6,2.2,4,0.55,0.2,1,0.2,1,1.8,0.556,1.6,1.4,3,0.4,1,0.4,0.6,2,11.8,0,0,-6.6
Matt Barnes,2012,December,3,17.3,6,2.7,5.7,0.471,0.7,2.3,0.286,0,0,0,1.7,2.3,4,0.7,1,0.3,1.7,3,16.8,0,0,3.3
Matt Barnes,2012,January,17,23.5,7.6,2.5,5.5,0.447,0.3,1.3,0.227,2.4,2.8,0.854,1.3,3.4,4.7,2,1.6,0.6,0.8,2.7,18.9,1,0,-0.2
Matt Barnes,2012,February,13,20.2,6.5,2.3,5.5,0.423,0.5,1.6,0.286,1.4,2.2,0.643,1.8,3.6,5.4,1.3,0.5,0.8,0.3,2.5,17.8,0,0,1.6
Matt Barnes,2012,March,17,22.2,8.5,3.2,6.6,0.482,1,2.6,0.378,1.2,1.7,0.69,1.3,3.4,4.7,1.8,0.9,0.3,0.9,2.4,19.6,1,0,1.3
Matt Barnes,2012,April,13,26.8,8.8,3.2,7.2,0.441,1.2,3.3,0.372,1.2,1.8,0.696,1.9,5.9,7.8,3.2,1.5,0.6,0.8,1.9,25.6,2,0,-2.5
Marcus Camby,2010,October,4,30.7,12.3,5.5,10.8,0.512,0,0.5,0,1.3,2.5,0.5,1.3,8,9.3,3.3,1,1.5,1.8,2.5,37,1,0,0
Marcus Camby,2010,November,14,32,7.4,3,6,0.5,0.1,0.1,1,1.4,1.9,0.731,2.5,7.9,10.4,3.1,1.2,1.4,2.1,2.1,33.9,3,0,-1.1
Marcus Camby,2010,December,13,33,8.4,3.3,6.5,0.512,0.1,0.1,1,1.7,2.1,0.815,3.7,9.5,13.2,3.2,1.1,0.8,2.3,2,37.4,5,0,0.2
Marcus Camby,2010,January,15,28.9,6.5,2.9,7.3,0.391,0,0.1,0,0.8,1.5,0.545,3.8,9.4,13.2,2.4,1.7,1.6,1.5,1.7,33.5,3,0,-2.3
Marcus Camby,2010,February,10,30,5.3,2.4,6,0.4,0,0,0,0.5,1.2,0.417,3.8,6.7,10.5,2.4,1.1,1.7,2.4,2.4,32.7,0,0,-0.8
Marcus Camby,2010,March,12,31.2,7.1,3.2,6.5,0.487,0,0,0,0.8,1.4,0.529,4.1,7.1,11.2,1.4,1.3,1.2,1.7,2.2,29.8,3,0,9.2
Marcus Camby,2010,April,6,34.4,9.7,4.3,7,0.619,0,0.2,0,1,1.3,0.75,2.8,10.5,13.3,1.7,0.7,0.7,2.2,3.2,36,2,0,8
Marcus Camby,2011,October,3,30.8,8.7,4,9.3,0.429,0,0,0,0.7,1,0.667,3.7,6,9.7,2.7,0.7,1,2,3.3,32.6,2,0,7
Marcus Camby,2011,November,14,30.2,6,2.6,6,0.429,0,0,0,0.9,1.4,0.632,3.4,7.6,11.1,1.6,1,0.7,1.6,2.6,27.6,2,0,-1.2
Marcus Camby,2011,December,13,25.3,6,2.4,5.2,0.463,0,0,0,1.2,1.8,0.667,3,8.8,11.8,2.1,1.5,1.1,2.1,2.2,31.2,3,0,1.4
Marcus Camby,2011,January,9,30.6,4.9,2,5.4,0.367,0,0,0,0.9,1.3,0.667,3.6,7.9,11.4,3.6,1.6,0.8,1.9,2.4,30.4,1,0,-1.1
Marcus Camby,2011,February,1,20.4,0,0,2,0,0,0,0,0,2,0,3,3,6,3,0,0,0,3,11.7,0,0,-11
Marcus Camby,2011,March,15,20.7,2.3,1,3.5,0.283,0,0.1,0,0.3,0.7,0.5,2.7,5.9,8.6,1.3,0.7,0.3,1.1,2.3,18.2,0,0,0.5
Marcus Camby,2011,April,4,22.6,2.5,1.3,2.8,0.455,0,0,0,0,0,0,2.3,5.5,7.8,2.3,0.3,0.3,0.8,1.3,17.9,0,0,5.3
Marcus Camby,2012,December,3,26.2,3.3,1,4,0.25,0,0,0,1.3,2,0.667,3,8.3,11.3,4.3,2,0.3,2.3,2.7,29.4,0,0,13
Marcus Camby,2012,January,15,23.2,3.1,1.3,3.4,0.392,0,0,0,0.5,0.9,0.538,2.7,6.7,9.4,1.7,1.5,0.9,1.5,2.5,22.7,1,0,1.6
Marcus Camby,2012,February,14,23.5,5.1,2.4,4.9,0.478,0,0,0,0.4,1,0.429,2.8,6,8.8,1.9,0.7,0.9,1.4,2.4,24.7,2,0,1.4
Marcus Camby,2012,March,15,19.4,3.7,1.7,3.8,0.439,0,0,0,0.4,1.1,0.353,2.3,5.3,7.6,1.1,0.7,0.7,1.3,1.6,19.7,0,0,-5.3
Marcus Camby,2012,April,12,25.4,8.5,3.9,8.2,0.48,0.2,0.4,0.4,0.5,1.2,0.429,2.8,7,9.8,2.1,0.7,1.1,1.3,2,30,4,0,2.7
Jason Williams,2010,October,2,24.8,9.5,3,5.5,0.545,1.5,3,0.5,2,2,1,0,1.5,1.5,6.5,1.5,0,0,1,19.6,0,0,7.5
Jason Williams,2010,November,16,24.4,6.8,2.4,5.6,0.427,1.2,2.9,0.413,0.9,1.4,0.636,0.2,1.6,1.8,4.6,0.8,0.9,0,0.8,17.8,1,0,5.8
Jason Williams,2010,December,13,24.6,7.3,2.8,6.4,0.446,1.4,3.3,0.419,0.2,0.3,0.75,0.2,1.9,2.1,4.4,1.4,0.7,0.1,1.3,17.3,0,0,2.8
Jason Williams,2010,January,17,19.4,6.4,2.7,5.7,0.474,0.9,2.8,0.333,0,0.1,0,0,1.2,1.2,3.2,1.3,0.6,0.1,0.8,13.5,0,0,1.3
Jason Williams,2010,February,12,18.5,5.7,2.2,4.4,0.491,0.8,2.1,0.36,0.6,0.6,1,0.2,1.8,1.9,2.5,0.8,0.7,0,0.6,13,0,0,1.1
Jason Williams,2010,March,14,17.9,5.2,2,5.1,0.389,1,2.9,0.35,0.2,0.2,1,0,1.2,1.2,3.5,1.1,0.6,0,0.4,12.5,0,0,4
Jason Williams,2010,April,8,17.6,2.6,1,2.6,0.381,0.6,1.6,0.385,0,0,0,0,0.9,0.9,2.6,0.9,0.4,0,0.8,7.9,0,0,3.3
Jason Williams,2011,October,1,7.8,0,0,1,0,0,1,0,0,0,0,0,0,0,1,3,0,0,1,-1.5,0,0,-2
Jason Williams,2011,November,6,10.5,2.8,1.2,2.5,0.467,0.5,1,0.5,0,0,0,0.2,1.5,1.7,1,0.2,1,0,0,9.2,0,0,1.2
Jason Williams,2011,December,8,12,2,0.8,2.6,0.286,0.5,2,0.25,0,0,0,0.3,1.3,1.5,2,0.9,0.1,0,0.6,6.3,0,0,3
Jason Williams,2011,January,1,4.8,0,0,1,0,0,0,0,0,0,0,0,0,0,1,0,1,0,0,4.5,0,0,7
Jason Williams,2011,February,7,11.6,2,0.9,2,0.429,0.3,1.1,0.25,0,0,0,0,1,1,2.9,0.6,0.1,0.1,0.3,7.8,0,0,1.9
Jason Williams,2011,March,4,10.6,1.8,0.8,3.8,0.2,0.3,1.8,0.143,0,0,0,0,0.3,0.3,2,0.8,0.5,0,0,5.8,0,0,-1.5
Marquis Daniels,2010,October,3,21.6,5.3,2,5,0.4,0.3,1,0.333,1,1.3,0.75,0.3,1.3,1.7,3.3,1,1,0,1.7,14.3,0,0,11
Marquis Daniels,2010,November,13,20.4,6.3,2.6,5.3,0.493,0.1,0.4,0.2,1,1.8,0.542,0.8,1.2,2.1,1.9,0.8,0.5,0.2,1.9,13,0,0,0.1
Marquis Daniels,2010,December,3,18.9,3.3,1.7,4,0.417,0,0,0,0,0,0,0.7,1.3,2,1.3,1.3,0.3,0,1.7,7.4,0,0,-4.7
Marquis Daniels,2010,February,9,21.9,9.4,4.1,6.3,0.649,0.1,0.7,0.167,1.1,1.6,0.714,0.6,2.4,3,1.2,1.2,0.8,0.2,2.2,16.7,0,0,2
Marquis Daniels,2010,March,17,17.4,3.8,1.7,4.3,0.397,0.1,0.6,0.1,0.4,0.6,0.6,0.4,0.9,1.3,0.8,0.8,0.5,0.1,1.6,7.7,0,0,-0.1
Marquis Daniels,2010,April,6,9.5,5,2.2,3.8,0.565,0.3,0.7,0.5,0.3,0.7,0.5,0.3,1,1.3,0.5,0.2,0,0,1.3,7.2,0,0,-2.7
Marquis Daniels,2011,October,3,16.2,5.3,2.7,5,0.533,0,0.7,0,0,0,0,0.3,1.7,2,0.7,1,0.3,0.3,1,9.7,0,0,1.3
Marquis Daniels,2011,November,14,18.6,5.4,2.1,4.3,0.483,0.1,0.2,0.333,1.1,1.6,0.727,0.4,1.9,2.3,0.9,0.5,1,0.5,1.2,13.4,0,0,-0.9
Marquis Daniels,2011,December,14,22.6,6.1,2.6,5.5,0.481,0.1,0.6,0.25,0.6,0.9,0.75,0.7,2.1,2.8,1.7,1,1,0.7,1.6,16.1,0,0,2.6
Marquis Daniels,2011,January,15,18.9,5.7,2.4,4.8,0.5,0.1,0.5,0.125,0.8,1.3,0.6,0.4,1.9,2.3,1.5,0.9,0.6,0.2,1.2,12.2,0,0,-1.9
Marquis Daniels,2011,February,3,9.6,3.3,1.3,2.7,0.5,0,0,0,0.7,1,0.667,0.3,0.3,0.7,1,0,0.3,0.3,0.7,7.6,0,0,0
Marquis Daniels,2012,December,4,23.9,5.3,2.5,8,0.313,0,0.5,0,0.3,0.8,0.333,1,2.8,3.8,2,1,0.8,0.8,3,16.3,0,0,-3.8
Marquis Daniels,2012,January,13,13,2.8,1.2,3.5,0.326,0,0.2,0,0.5,0.5,1,0.5,1.2,1.6,1.5,0.9,0.5,0.2,1,8,0,0,0.5
Marquis Daniels,2012,February,6,4.8,1,0.5,1.5,0.333,0,0.2,0,0,0,0,0,0.3,0.3,0.5,0.2,0.2,0.2,0.5,3,0,0,1.2
Marquis Daniels,2012,March,8,10.1,2.8,1.1,2.8,0.409,0,0.3,0,0.5,0.6,0.8,0.1,1.1,1.3,0.8,1.1,0.4,0.3,0.4,6.1,0,0,-2
Marquis Daniels,2012,April,7,15.6,5,2.1,4.9,0.441,0,0.3,0,0.7,1.1,0.625,0.7,1.9,2.6,1.4,0.3,1.1,0.1,0.7,13.8,0,0,1.4
Dominique Jones,2011,October,3,10.4,1,0.3,1.3,0.25,0,0,0,0.3,0.7,0.5,0,0.7,0.7,1.3,0.7,0.3,0,0.7,4.1,0,0,-3
Dominique Jones,2011,November,6,4.1,0.8,0.2,0.7,0.25,0,0.2,0,0.5,0.7,0.75,0.2,0.3,0.5,0.2,0.8,0,0.2,0.3,1.4,0,0,-3.8
Dominique Jones,2011,January,8,9.6,4,1.4,4.4,0.314,0,0.4,0,1.3,1.4,0.909,0.6,1.8,2.4,1.8,0.3,0.5,0.3,0.4,11.5,0,0,1.9
Dominique Jones,2011,February,1,2.6,2,1,2,0.5,0,0,0,0,0,0,0,1,1,0,1,0,0,0,2.2,0,0,-4
Dominique Jones,2012,December,3,3,1.3,0.3,1.3,0.25,0,0.7,0,0.7,0.7,1,0,0.7,0.7,0,0,0,0,0,2.1,0,0,1
Dominique Jones,2012,January,10,5,2,0.6,1.5,0.4,0,0.1,0,0.8,1,0.8,0.4,0.6,1,0.9,0.7,0.2,0.1,0.7,4.8,0,0,-1.1
Dominique Jones,2012,February,8,13,3.5,1.3,3.5,0.357,0.1,0.4,0.333,0.9,1,0.875,0.4,1.3,1.6,2,1.3,0.3,0.1,1.8,8.3,0,0,-4.4
Dominique Jones,2012,March,8,7.6,3.1,1.1,1.8,0.643,0,0.1,0,0.9,1.4,0.636,0.1,1.1,1.3,1.4,1,0.4,0.3,0.4,7.6,0,0,-4
Dominique Jones,2012,April,4,11.2,2.8,0.8,3,0.25,0,0.3,0,1.3,1.5,0.833,0.3,2,2.3,1.5,0.8,0.8,0.3,1,10,0,0,-0.8
Rudy Gay,2010,October,2,40.4,16.5,7,13.5,0.519,1,1.5,0.667,1.5,2,0.75,1,6,7,2,1.5,1.5,0.5,2.5,32.4,0,0,1
Rudy Gay,2010,November,15,39.8,21.3,8.1,16.3,0.498,0.7,2.1,0.313,4.3,5.8,0.747,1.6,5.3,6.9,1.9,2.5,1.7,0.9,2.7,37.5,4,0,-4.1
Rudy Gay,2010,December,12,38.6,21.3,7.8,17.3,0.452,0.8,2.6,0.29,4.9,6.8,0.72,1.5,3.8,5.3,1.9,1.9,1.8,1,2.8,36.9,1,0,6.3
Rudy Gay,2010,January,15,39.3,17.8,6.7,16.2,0.416,0.9,3,0.311,3.4,4.6,0.739,1.5,4,5.5,2.1,1.7,1,0.9,2.6,31.4,1,0,4.7
Rudy Gay,2010,February,13,40.3,21.1,8.6,16.8,0.514,0.9,2.5,0.364,2.9,3.7,0.792,0.8,4.5,5.2,1.7,1.5,1.2,0.8,2.4,34.4,0,0,-3.4
Rudy Gay,2010,March,15,40.5,17.9,6.7,14.8,0.455,1.1,3,0.378,3.3,4.2,0.794,1.7,4.7,6.4,2.1,2.7,1.7,0.8,2.2,33.6,2,0,5.1
Rudy Gay,2010,April,8,39.2,18.6,7,15.6,0.448,0.3,1.6,0.154,4.4,5.9,0.745,1.6,3.9,5.5,1.6,2.6,1.5,0.4,2.4,30.7,0,0,-13.9
Rudy Gay,2011,October,3,39.4,22.3,9,19,0.474,1,3,0.333,3.3,4,0.833,2.3,5.7,8,3.3,1,2.7,0.3,2.7,44.9,1,0,5.7
Rudy Gay,2011,November,15,40.9,20.9,8.2,16.8,0.488,1.4,3.5,0.404,3.1,3.7,0.836,1.8,4.7,6.5,2.7,2.7,1.2,1.3,2.6,37.5,0,0,0.7
Rudy Gay,2011,December,13,39.7,20.1,7.4,16,0.462,1.4,2.9,0.474,3.9,4.6,0.85,1.2,4,5.2,2.5,2.9,2.3,1.5,2.5,38.7,0,0,3.2
Rudy Gay,2011,January,16,40,18.6,7.1,15.7,0.454,0.7,2.1,0.333,3.6,4.9,0.744,1.4,4.3,5.7,2.8,2.3,1.4,0.7,2.3,33.5,0,0,2.3
Rudy Gay,2011,February,7,37.8,18.7,7,14.4,0.485,0.6,1.7,0.333,4.1,5.1,0.806,1.4,6.6,8,3.4,2.6,1.9,1,2.1,39.5,3,0,4.6
Rudy Gay,2012,December,3,34.1,16,7,17.7,0.396,0.3,2,0.167,1.7,3,0.556,1.7,8.3,10,2,3,1.3,1,3,35,2,0,-3
Rudy Gay,2012,January,18,37.5,18.2,7.4,16.2,0.459,0.9,2.2,0.41,2.4,3.6,0.677,1.6,4.3,5.9,2,2.9,1.7,0.8,2.1,32.7,1,0,2.3
Rudy Gay,2012,February,14,39.3,20.3,8.1,17.9,0.454,0.8,2.1,0.367,3.2,4,0.804,2.3,4.6,6.9,2.6,2.4,1.7,0.8,2.3,37.6,0,0,1.7
Rudy Gay,2012,March,14,36.9,18.8,7.1,15.9,0.446,0.9,3.3,0.261,3.8,4.4,0.869,2.1,4.4,6.6,2.4,2.2,1.1,0.9,2.4,34,4,0,0.6
Rudy Gay,2012,April,16,36.1,19.3,7.3,15.6,0.47,0.9,3.3,0.269,3.8,4.5,0.847,2.1,3.7,5.8,2.2,2.3,1.3,0.9,1.7,34.1,1,0,2
Antawn Jamison,2010,November,6,36,21.7,8.5,17.2,0.495,1.5,4.8,0.31,3.2,5.3,0.594,4.2,5.2,9.3,1.2,1.7,1.2,0.3,2.3,37.5,4,0,-5.8
Antawn Jamison,2010,December,15,38.3,20.5,7.5,16.3,0.461,1.5,4.2,0.365,3.9,5.3,0.725,1.9,5.8,7.7,0.9,1.3,1.1,0.2,3.5,33.6,5,0,-1.3
Antawn Jamison,2010,January,16,40.4,22.4,8.4,18.4,0.458,1.5,3.9,0.387,4.1,5.7,0.714,2.5,7.6,10.1,1.7,1.8,0.9,0.2,2.3,38.5,8,0,-1.4
Antawn Jamison,2010,February,9,36.6,12.7,4.9,13.3,0.367,0.6,3.1,0.179,2.3,3.6,0.656,1,6.1,7.1,1.3,1.3,1.1,0.2,2.9,25.9,1,0,0
Antawn Jamison,2010,March,14,33.2,16.3,6.8,13.9,0.49,1.5,3.6,0.412,1.2,3.1,0.386,2,6.8,8.8,1.6,1.1,1.4,0.6,2.5,34,6,0,9.9
Antawn Jamison,2010,April,6,29,16.2,6.7,13.2,0.506,0.5,2.3,0.214,2.3,3.5,0.667,0.8,5,5.8,0.5,1,0.8,0.3,2.5,26.4,1,0,-0.5
Antawn Jamison,2011,October,3,21.5,6.3,2.3,7.3,0.318,1,3,0.333,0.7,0.7,1,0.7,1.7,2.3,1.3,1.3,0.7,0.3,1.3,12.8,0,0,-1.3
Antawn Jamison,2011,November,11,26.6,13.1,5,11.9,0.42,1.4,3.7,0.366,1.7,3,0.576,1.5,5.5,7.1,1.4,1,0.5,0.5,2.4,25.6,2,0,-1.8
Antawn Jamison,2011,December,15,32.8,17.7,6.8,15.4,0.442,1.6,5,0.32,2.5,3.5,0.712,1,4.3,5.3,1.5,1.2,0.7,0.4,2.4,28.5,0,0,-5.5
Antawn Jamison,2011,January,16,35.6,21.3,7.7,18.2,0.423,1.7,4.6,0.365,4.2,5.4,0.779,2.2,5.9,8.1,2.1,1.6,1.1,0.5,2.6,37.3,5,0,-14.6
Antawn Jamison,2011,February,11,38.5,22,7.9,18.3,0.433,2,5.8,0.344,4.2,5.5,0.754,1.5,5.7,7.3,1.7,1.6,1.2,0.9,2.7,38,3,0,-2.4
Antawn Jamison,2012,December,3,29.9,14,5.3,14.3,0.372,0.3,3.3,0.1,3,5,0.6,1,3.3,4.3,0.7,1.3,0.3,1,3,22.9,0,0,-4.3
Antawn Jamison,2012,January,17,30.9,15,5.9,14.5,0.411,1.6,4,0.412,1.5,2.4,0.625,1,4.2,5.2,1.9,1.2,1.2,0.9,2.4,29.3,0,0,-0.7
Antawn Jamison,2012,February,13,36.2,21,8.1,18.7,0.432,1.4,4.3,0.321,3.5,6,0.577,2.8,6.2,9,2.1,1.3,1.2,0.6,3,38.9,5,0,-1.9
Antawn Jamison,2012,March,17,34.7,17.9,6.7,17.2,0.389,1.2,4.2,0.296,3.2,3.9,0.821,2.1,4.2,6.4,1.9,1.2,0.5,0.6,2.5,30.4,2,0,-6.2
Antawn Jamison,2012,April,15,31.7,16.3,5.7,14.6,0.388,1.5,4.1,0.371,3.4,4.7,0.718,2,3.4,5.4,2.5,1.9,0.4,0.4,2.2,27.1,0,0,-9.6
Glen Davis,2010,December,3,9.6,3.7,1.3,3.3,0.4,0,0,0,1,1,1,3.3,1.3,4.7,0.3,1.7,0.3,0.3,3,10.1,0,0,0.7
Glen Davis,2010,January,14,17.8,5.6,1.9,4.3,0.433,0,0,0,1.9,2.6,0.73,1.7,2,3.7,0.4,1,0.4,0.2,2.2,11.7,0,0,-2.6
Glen Davis,2010,February,12,17.9,6.6,2.7,5.9,0.451,0,0.1,0,1.3,2.2,0.577,2.2,1.9,4.1,1.2,0.6,0.3,0.3,2.1,14.7,0,0,-0.8
Glen Davis,2010,March,17,17.4,7,2.6,6.1,0.427,0,0.1,0,1.8,2.8,0.646,2,1.7,3.7,0.6,1.1,0.6,0.2,2.5,13.7,0,0,-0.6
Glen Davis,2010,April,8,17.9,6.5,2,4.4,0.457,0,0.1,0,2.5,3,0.833,0.9,2.5,3.4,0.4,1.1,0,0.4,3,11.1,0,0,-3.8
Glen Davis,2011,October,3,28.6,14.3,6.7,10,0.667,0,0,0,1,1.3,0.75,1.7,3.7,5.3,0.7,0,0.3,0.3,3.7,23.7,0,0,2
Glen Davis,2011,November,14,29.6,10,3.9,8.8,0.439,0.1,0.1,0.5,2.2,2.9,0.756,1,4.1,5.1,1.5,1.3,1.1,0.4,3.1,21.6,1,0,1.1
Glen Davis,2011,December,14,30.4,13.5,5.4,11.9,0.455,0,0.4,0,2.6,3.1,0.841,1.5,4.7,6.2,0.8,1.4,0.7,0.5,2.6,24.4,1,0,4.7
Glen Davis,2011,January,16,30.3,12.3,4.9,10.9,0.446,0,0.1,0,2.6,3.8,0.683,1.2,3.4,4.6,2,1,1.1,0.3,2.8,23.9,1,0,4.1
Glen Davis,2011,February,11,26.9,9.4,3.3,8.4,0.391,0,0.3,0,2.8,3.7,0.756,1.2,3.8,5,0.6,1.4,1.3,0.5,3.5,20.4,1,0,-2.6
Glen Davis,2011,March,12,28.9,13.1,5.2,11,0.47,0,0.1,0,2.8,4.1,0.673,1.9,5.5,7.4,0.3,1,0.8,0.2,2.8,24.5,1,0,0
Glen Davis,2011,April,8,30.5,10.8,4.1,10.3,0.402,0.1,0.4,0.333,2.4,3.3,0.731,0.8,3.4,4.1,1.9,0.5,1.4,0.4,2.8,23.3,0,0,2
Glen Davis,2012,December,4,21.4,7.8,3.3,10,0.325,0,0.3,0,1.3,1.8,0.714,0.8,3,3.8,0.8,1.3,0.5,0.5,2.3,15.1,0,0,-0.3
Glen Davis,2012,January,17,22.5,7.2,2.8,7.6,0.372,0.1,0.2,0.333,1.5,2,0.735,1.7,3.9,5.6,0.5,1.5,0.5,0.3,1.9,15.5,0,0,-3.7
Glen Davis,2012,February,12,21.1,7.8,3.2,7.3,0.432,0,0.3,0,1.4,1.8,0.773,0.8,2.5,3.3,0.8,0.8,0.5,0.2,1.6,14.1,0,0,-4.1
Glen Davis,2012,March,16,20.5,7.7,3,7.6,0.393,0,0.3,0,1.7,2.9,0.574,1.5,3.3,4.8,0.8,1.1,0.6,0.3,1.2,16.4,0,0,1.9
Glen Davis,2012,April,12,31.4,16.4,6.5,12.9,0.503,0.1,0.3,0.333,3.3,4.8,0.702,3.5,5.3,8.8,1,1.5,1.4,0.4,2.2,32.5,6,0,1.8
Nate Robinson,2010,October,3,25.8,8.7,3.3,11.7,0.286,1.3,6.7,0.2,0.7,1.7,0.4,1,1.7,2.7,3.3,2,0.7,0.3,4,17.9,0,0,-4
Nate Robinson,2010,November,8,21.9,13.1,5.1,9.8,0.526,1.9,4,0.469,1,1.1,0.889,0.5,1,1.5,3.3,1.5,0.6,0.3,2.1,20.9,0,0,-1.8
Nate Robinson,2010,December,1,10.6,0,0,2,0,0,2,0,0,0,0,0,1,1,2,1,0,0,2,3.2,0,0,-3
Nate Robinson,2010,January,14,24.1,13.8,5.4,11.5,0.466,1.8,4.6,0.385,1.3,1.7,0.75,0.8,1.9,2.6,3.5,2,1.1,0.1,2,23.6,0,0,-0.3
Nate Robinson,2010,February,7,27,13.9,5.1,12.3,0.419,1.3,3.6,0.36,2.3,2.9,0.8,1.1,1.9,3,4.3,1.3,1.4,0.1,2.1,27.3,0,0,-3.6
Nate Robinson,2010,March,17,14.6,5.9,2.1,5.4,0.391,1.5,3.3,0.446,0.2,0.4,0.667,0.1,1.2,1.2,2.1,0.9,0.8,0,1.8,12,0,0,-0.4
Nate Robinson,2010,April,6,13,7.5,2.8,6.5,0.436,1.5,3.8,0.391,0.3,0.5,0.667,0.2,1.5,1.7,1.7,0.3,0.7,0,1.8,13.7,0,0,-1.5
Nate Robinson,2011,October,3,14.2,5.3,1.3,6,0.222,0.3,3,0.111,2.3,2.7,0.875,0,1.7,1.7,1.3,0.7,0,0,0.7,8.7,0,0,-2.7
Nate Robinson,2011,November,14,16.5,8,3.2,6.4,0.5,1.3,2.9,0.439,0.3,0.4,0.667,0.3,1,1.3,2.5,0.8,0.1,0,2.4,12.9,1,0,2.6
Nate Robinson,2011,December,14,26.5,9.4,3.5,8.4,0.415,1.6,4.4,0.371,0.7,1,0.714,0.4,2,2.4,2.8,1.8,0.7,0.2,2.5,17.4,0,0,3.1
Nate Robinson,2011,January,16,15,6.3,2.3,6.4,0.363,1.1,3.8,0.295,0.6,0.6,1,0.3,1.1,1.4,1.3,1.3,0.6,0.1,1.4,10.5,0,0,-1.1
Nate Robinson,2011,February,8,12.3,3.5,1.4,4.1,0.333,0.4,2.4,0.158,0.4,0.4,1,0.1,1.3,1.4,0.8,0.9,1,0,1.8,8.4,0,0,0.1
Nate Robinson,2011,March,2,4.5,3,1,2,0.5,0.5,1.5,0.333,0.5,1,0.5,0,0.5,0.5,0.5,0,0,0,1.5,4.4,0,0,-0.5
Nate Robinson,2011,April,2,10.7,3.5,1,5.5,0.182,0.5,2.5,0.2,1,1,1,0,0,0,2.5,1,0,0,2.5,6.3,0,0,-8.5
Nate Robinson,2012,January,13,24.8,10.8,3.7,9,0.41,1,3.5,0.283,2.5,2.8,0.889,0.4,1.6,2,4.9,1.6,1,0.1,2.2,22.2,1,0,3
Nate Robinson,2012,February,12,17.1,8.6,2.9,7.5,0.389,1,2.7,0.375,1.8,2.3,0.75,0.3,1.5,1.8,2.6,1.3,1,0.1,1.5,16.5,0,0,-1.7
Nate Robinson,2012,March,16,25.8,10.4,3.8,9.4,0.397,1.1,3.3,0.34,1.8,2.1,0.848,0.2,2,2.2,4.7,1.2,1.6,0,2.7,23.5,1,0,0.1
Nate Robinson,2012,April,10,25.3,16,6.2,12.6,0.492,2.3,5,0.46,1.3,1.6,0.813,0.4,1.4,1.8,6.1,1.9,0.9,0,2.8,28.1,0,0,1.4
Channing Frye,2010,October,2,29.8,17,6.5,12,0.542,3.5,5,0.7,0.5,1,0.5,0.5,5.5,6,1,1,2,0.5,3.5,32.2,0,0,7
Channing Frye,2010,November,15,29.7,12.3,4.3,9.4,0.454,2.6,5.9,0.443,1.1,1.4,0.81,0.7,5,5.7,1.5,0.9,0.7,1,3.4,25.6,2,0,7.5
Channing Frye,2010,December,16,33,12.9,4.6,9.9,0.462,2.4,5.8,0.413,1.4,1.9,0.71,0.9,5.3,6.3,1.8,1.1,0.7,0.9,3.2,26.6,2,0,4.7
Channing Frye,2010,January,16,26.1,10.1,3.4,8.3,0.414,1.9,4.4,0.429,1.4,1.6,0.846,1,4.1,5.1,1.3,0.8,0.8,1.3,3.2,23.5,0,0,-0.8
Channing Frye,2010,February,12,21.1,9.8,3.5,8.3,0.424,1.2,3.3,0.359,1.6,1.9,0.826,0.9,2.8,3.7,1,0.8,0.6,0.6,2.9,18.3,0,0,2.2
Channing Frye,2010,March,13,23.1,10.5,3.5,7.4,0.479,2.3,4.8,0.484,1.2,1.2,0.938,0.8,4.4,5.2,1.5,0.7,0.9,0.5,3.4,22.5,0,0,8.3
Channing Frye,2010,April,7,26.7,9.1,3.4,7.4,0.462,2,4.4,0.452,0.3,0.3,1,0.3,5,5.3,1.3,1,0.9,1.6,3.4,23.7,0,0,5
Channing Frye,2011,October,3,23.1,6.3,2,6,0.333,1,3.7,0.273,1.3,1.7,0.8,0,3.7,3.7,1,1.3,0.3,1.7,2.7,16.9,0,0,-4
Channing Frye,2011,November,14,32.2,10.7,4.1,8.6,0.471,1.7,4.4,0.387,0.9,1,0.857,0.7,5.1,5.8,1.1,0.7,0.7,1.1,4.4,24.2,0,0,0.8
Channing Frye,2011,December,14,31.6,11.7,4.3,10.5,0.408,1.9,5.5,0.338,1.3,1.7,0.75,0.5,6.2,6.7,0.9,1,0.9,1.1,3.9,25.8,1,0,-0.3
Channing Frye,2011,January,15,34,12.5,4.5,11.3,0.402,2.5,6,0.411,0.9,1.1,0.875,1.2,4.9,6.1,1.6,1.2,0.6,0.9,3.3,25.4,1,0,1
Channing Frye,2011,February,12,34.7,16.3,6.3,13.3,0.469,3,6.8,0.439,0.8,1.1,0.692,1.3,7.1,8.4,0.8,0.7,0.4,0.9,3.3,30.8,4,0,8.6
Channing Frye,2011,March,11,35.7,14.5,5,11.5,0.437,2.4,6.2,0.382,2.2,2.5,0.889,0.9,7,7.9,1.6,1.3,0.5,1.1,3.2,30.1,2,0,-1.5
Channing Frye,2011,April,8,32.3,12.6,4.6,11,0.42,2.4,6.1,0.388,1,1,1,0.5,5.4,5.9,1.8,0.6,0.4,0.9,2.9,25.4,0,0,0.8
Channing Frye,2012,December,4,20,4.3,1.5,7.8,0.194,0.5,4,0.125,0.8,0.8,1,1.5,6.5,8,1.3,0.5,0.5,0.8,1.3,19,1,0,-1.3
Channing Frye,2012,January,16,21.9,7.4,2.8,7.1,0.386,1.3,3.5,0.357,0.6,0.8,0.833,0.9,4,4.9,0.9,1.1,0.6,0.7,2.6,17.3,1,0,-2.5
Channing Frye,2012,February,14,28.3,13.9,5.4,11.7,0.457,1.9,5,0.371,1.3,1.4,0.9,1.1,5.1,6.2,1.1,0.6,1,1.4,3.4,29.6,3,0,5.4
Channing Frye,2012,March,17,30.2,12.1,4.5,11.1,0.41,1.7,4.5,0.382,1.3,1.6,0.815,1.4,5.5,6.8,1.9,1.4,0.6,1.3,3,27.6,2,0,6.1
Channing Frye,2012,April,13,25.4,10.8,4.1,8.9,0.457,1.1,3.5,0.311,1.5,1.5,1,0.9,4.2,5.1,1.5,0.8,0.5,1.1,2.5,22.9,2,0,2.5
Terrence Williams,2010,October,3,26.4,10.7,4,11.3,0.353,1,3,0.333,1.7,2.3,0.714,1,4.3,5.3,1.3,2.3,0.7,0,1.7,18.7,1,0,-7.3
Terrence Williams,2010,November,14,27.2,9.9,4,11.1,0.359,0.7,2.5,0.286,1.2,1.9,0.63,0.4,4.9,5.3,2.1,2.1,0.5,0,1.8,18.8,3,0,-7.6
Terrence Williams,2010,December,13,16.7,6.1,2.3,5.7,0.405,0.2,0.6,0.25,1.3,1.8,0.739,0.2,1.9,2.2,1.4,1,0.7,0.2,1.8,12.3,0,0,-1.2
Terrence Williams,2010,January,13,15.6,3.6,1.5,4.2,0.37,0.1,0.3,0.25,0.5,0.5,0.857,0.5,3.3,3.8,2,1,0.7,0.1,1.4,12.5,0,0,-2.5
Terrence Williams,2010,February,13,15.1,3.7,1.5,4,0.385,0.2,0.5,0.5,0.4,0.6,0.625,0.2,2.1,2.3,2.2,1.2,0.3,0.2,1.3,9.9,0,0,-3.2
Terrence Williams,2010,March,15,29.9,14.1,5.2,12.1,0.429,0.7,1.8,0.37,3,4.2,0.714,1.2,5.5,6.7,4.9,2.1,0.5,0.3,1.4,29.8,1,0,-2.1
Terrence Williams,2010,April,7,34.2,14.3,6.4,14.1,0.455,0.3,1.6,0.182,1.1,1.3,0.889,0.9,6.3,7.1,6.3,2.3,0.6,0.1,2.3,32.1,3,1,-1.9
Terrence Williams,2011,October,3,23.9,8,3.7,8.7,0.423,0,0.7,0,0.7,2,0.333,0.3,4,4.3,2.3,4,0.3,0,2.3,13.7,0,0,-6
Terrence Williams,2011,November,5,17.3,6,2.4,6.4,0.375,0.8,1.8,0.444,0.4,0.4,1,0.2,3.2,3.4,3.4,1.6,0.2,0,2,14.2,0,0,-5.2
Terrence Williams,2011,December,2,23.5,6.5,3,7.5,0.4,0,0.5,0,0.5,1,0.5,0.5,2.5,3,3.5,2.5,1.5,0,2,17.4,0,0,-8
Terrence Williams,2011,January,6,8.7,4.3,1.3,4,0.333,0.3,1,0.333,1.3,1.7,0.8,0.2,1.7,1.8,0.7,0.7,0.5,0,0,8.4,0,0,2.7
Terrence Williams,2011,February,2,8.9,4,2,6,0.333,0,1.5,0,0,0,0,0,2,2,1,1,0,0,1,6.9,0,0,-6.5
Terrence Williams,2011,March,3,4.8,1.7,0.7,2,0.333,0,0.3,0,0.3,0.3,1,0,0,0,0.3,0.7,0.3,0,0.7,2.5,0,0,-5.7
Terrence Williams,2012,December,3,21.3,6.3,2.3,5.7,0.412,1.3,2.7,0.5,0.3,0.7,0.5,0,4,4,1.7,0.7,0.3,0,1,14,0,0,-2.7
Terrence Williams,2012,January,6,14.1,4.3,1.7,4.2,0.4,0.5,1.3,0.375,0.5,1.3,0.375,0.3,1.5,1.8,0.3,0.8,0.3,0.2,1.3,7.7,0,0,-4
Terrence Williams,2012,February,1,6.8,2,1,3,0.333,0,0,0,0,0,0,0,0,0,0,0,0,0,2,2,0,0,-4
Terrence Williams,2012,March,7,16.1,6.4,2.6,6.4,0.4,0.4,1.9,0.231,0.9,1.3,0.667,0.3,2.4,2.7,1.9,1.3,0.9,0.3,1.3,14.6,0,0,-5.3
Terrence Williams,2012,April,13,21.7,9.3,3.8,8.3,0.454,0.5,1.3,0.353,1.3,2.1,0.63,0.7,3.9,4.6,3.5,2.1,0.8,0.3,1,21.4,1,0,-3.6
Tim Duncan,2010,October,3,26.4,14.7,6.7,10.7,0.625,0,0,0,1.3,2.7,0.5,2.3,10.3,12.7,2,1.3,1.3,1.3,2,39.5,1,0,7.7
Tim Duncan,2010,November,10,33.5,19.7,7.5,14.4,0.521,0,0.3,0,4.7,5.9,0.797,3.1,7.2,10.3,4.2,1.8,0.1,2.2,1.8,43.5,6,0,3.3
Tim Duncan,2010,December,15,31.6,21.1,8.5,14.9,0.57,0,0.1,0,4.1,5.1,0.805,3.1,6.7,9.8,2.6,2.3,0.8,1.9,1.9,42.5,8,0,7.1
Tim Duncan,2010,January,15,34.3,19.5,7.4,15.6,0.474,0,0.1,0,4.7,6.5,0.714,3.8,7.7,11.5,3.4,1.5,0.3,1.6,2.5,42.5,9,0,3.1
Tim Duncan,2010,February,11,30.4,16.7,7,14.5,0.481,0.1,0.2,0.5,2.6,3.9,0.674,3.4,8.5,11.9,2.7,1.5,1.1,1.3,2.2,40.7,6,0,0.9
Tim Duncan,2010,March,17,29.6,14.2,5.9,12.4,0.479,0.1,0.2,0.333,2.3,3.5,0.65,1.8,6.1,7.9,3.2,2,0.5,1.2,1.6,31.8,4,0,5.9
Tim Duncan,2010,April,7,28.3,17.1,7.1,11.1,0.641,0,0.1,0,2.9,4.1,0.69,1.9,7,8.9,3.3,1.4,0.4,0.6,1.7,34.3,4,0,9.6
Tim Duncan,2011,October,2,30.1,15,6,11,0.545,0,0,0,3,4.5,0.667,1.5,8,9.5,2,1.5,2,2,3,39.9,1,0,5
Tim Duncan,2011,November,15,29.5,13.9,5.7,11.9,0.475,0,0,0,2.6,3.8,0.684,2.9,6.8,9.7,3.4,2.2,0.6,1.8,1.8,35.7,6,1,9.3
Tim Duncan,2011,December,15,28.3,12.5,5.3,10.6,0.497,0,0.1,0,2,2.5,0.789,2.6,6.5,9.1,3.1,1.6,0.7,2,1.5,34.6,6,0,5.1
Tim Duncan,2011,January,15,29.9,14.1,5.8,12.3,0.47,0,0,0,2.5,3.3,0.755,2.1,7.3,9.4,2.8,1.7,0.7,2.1,1.5,36.2,4,0,3.9
Tim Duncan,2011,February,12,27.4,13.2,5.6,10.9,0.511,0,0.1,0,2,3.3,0.615,1.9,6.2,8.1,2,1.1,0.5,2.3,1.5,33.3,4,0,6.8
Tim Duncan,2011,March,11,25.7,12.6,5,9.4,0.534,0,0.2,0,2.6,3.5,0.763,1.6,6.7,8.4,1.6,1.5,0.8,1.3,1.5,29.9,4,0,3.5
Tim Duncan,2011,April,6,27.9,14.5,5.7,9.8,0.576,0,0,0,3.2,4.5,0.704,1.7,6,7.7,2.8,1,0.3,1.8,1.2,33.5,2,0,8.8
Tim Duncan,2012,December,4,22.3,9,3.5,10.3,0.341,0,0,0,2,2.3,0.889,0.8,5.3,6,2,1.5,0,0.8,1.8,20,0,0,4.8
Tim Duncan,2012,January,17,28.4,13.8,5.6,11.5,0.485,0,0.1,0,2.6,3.9,0.667,1.4,6.5,7.8,3.1,1.9,0.6,1.2,1.8,31.4,5,0,-0.6
Tim Duncan,2012,February,12,30.1,16.5,6.4,13.7,0.47,0,0.3,0,3.7,4.7,0.786,2.4,8.3,10.7,2.3,1.6,1.1,2,1.9,40.3,7,0,8.3
Tim Duncan,2012,March,14,29.3,17.6,7,14.4,0.485,0,0,0,3.6,5.5,0.649,2.5,7.4,9.9,2,1.3,0.2,1.4,1.6,35.8,6,0,3.1
Tim Duncan,2012,April,11,26.4,16.5,7,11.8,0.592,0,0,0,2.5,3.7,0.659,1.8,7,8.8,1.5,1.9,1,2,1.4,36.3,4,0,14.3
Joel Przybilla,2010,October,3,16.6,2,1,2.7,0.375,0,0,0,0,0,0,3,4.3,7.3,0.3,1.3,0,1.7,3.7,15,0,0,-2.7
Joel Przybilla,2010,November,16,19.8,4,1.4,2.8,0.511,0,0,0,1.1,1.7,0.667,2.4,4.8,7.3,0.2,1.1,0.2,1.3,2.9,16.4,1,0,2.5
Joel Przybilla,2010,December,11,28.6,4.8,1.7,3,0.576,0,0,0,1.4,2.2,0.625,2.2,6.9,9.1,0.4,1.6,0.5,1.5,3.5,20.6,0,0,0.8
Joel Przybilla,2011,December,8,10.9,2.1,0.6,0.6,1,0,0,0,0.9,1.3,0.7,0.9,2.3,3.1,0.1,0.3,0.1,0.3,2.3,6.9,0,0,-2.6
Joel Przybilla,2011,January,13,13.5,1.7,0.8,1.4,0.556,0,0,0,0.2,0.2,0.667,1.2,3,4.2,0.5,0.9,0.2,0.2,1.9,7.9,0,0,-0.5
Joel Przybilla,2011,February,11,17.9,1.5,0.5,1.2,0.462,0,0,0,0.4,0.9,0.4,0.7,3.6,4.4,0.5,0.8,0.1,0.8,2.2,9.3,0,0,-2
Joel Przybilla,2011,March,4,15,2.3,1,2,0.5,0,0,0,0.3,1,0.25,1.8,2.8,4.5,0,1.5,0,0.3,3,6.9,0,0,-6.3
Joel Przybilla,2012,March,17,15.3,2.1,0.8,1.7,0.448,0,0,0,0.5,0.8,0.643,1.2,3.7,4.9,0.2,0.6,0.1,0.6,2.3,9.9,0,0,-2.4
Joel Przybilla,2012,April,10,19,2,0.9,1.9,0.474,0,0,0,0.2,0.4,0.5,0.8,4.6,5.4,0.3,1.1,0.2,0.5,2.7,9.9,0,0,-0.3
Deron Williams,2010,October,2,39.7,24.5,8.5,17,0.5,2,4.5,0.444,5.5,6.5,0.846,0,3.5,3.5,11,3.5,0.5,0,3,43.2,1,0,9
Deron Williams,2010,November,13,39.7,18.9,7.5,15.2,0.495,1.3,3.5,0.37,2.5,3.8,0.66,0.9,3.9,4.8,9.4,3.8,1.5,0.3,3.3,40.3,3,0,4.7
Deron Williams,2010,December,15,36.4,19.8,6.7,14.1,0.479,1.1,2.7,0.39,5.3,6.8,0.775,0.5,2.9,3.4,10.1,3.1,0.7,0.2,2.3,38.4,10,0,1.1
Deron Williams,2010,January,11,34.7,17.1,5.7,11.2,0.512,1.3,3.4,0.378,4.4,5,0.873,0.9,2.6,3.5,8.7,2.6,1.3,0.2,2.8,36.2,5,0,9.2
Deron Williams,2010,February,12,37,16.8,5.7,13.6,0.417,1.2,3.7,0.318,4.3,5.2,0.839,0.6,4.6,5.2,12,3.8,1.1,0.4,3,41.7,10,0,7
Deron Williams,2010,March,17,36.1,17.8,6.2,13.8,0.449,1.3,3.4,0.379,4.1,5.1,0.805,0.5,3.1,3.5,12.2,2.8,1.8,0.1,2.2,43.1,12,0,10.4
Deron Williams,2010,April,6,36.6,22.5,7,15,0.467,1.5,4,0.375,7,8.2,0.857,0.8,2.7,3.5,9.3,4.2,1.3,0.2,3.3,41,3,0,-4.3
Deron Williams,2011,October,3,34.7,15.3,4,11.3,0.353,1.3,2.3,0.571,6,6.7,0.9,0.3,4,4.3,9,3.3,0.7,0,4.3,32.7,1,0,-3.3
Deron Williams,2011,November,16,38.7,23.2,7.8,16.3,0.479,1.6,4.7,0.347,5.9,7,0.848,0.7,3.5,4.2,10.1,3.7,1.4,0.2,2.9,44.3,9,0,3.3
Deron Williams,2011,December,14,37.8,22.9,7.4,15.5,0.479,1.9,5.1,0.38,6.1,7.2,0.842,0.8,2.9,3.6,8.7,2.9,1.1,0.1,2.6,41.2,5,0,0.8
Deron Williams,2011,January,13,37,20.9,6.5,14.2,0.457,1.9,5.5,0.352,6.1,7,0.868,0.5,2.3,2.8,9.5,3.7,1.2,0.2,2.8,39.1,6,0,-5.5
Deron Williams,2011,February,10,39.3,16.2,5.7,14.9,0.383,0.8,4.6,0.174,4,5,0.8,0.3,4.8,5.1,12.7,4.2,1.3,0.5,2.8,42.6,9,0,-6.9
Deron Williams,2011,March,6,38.8,16.3,5,15,0.333,2.2,6,0.361,4.2,4.7,0.893,0.8,4,4.8,11,4,1.3,0.2,3.5,39.1,2,0,0
Deron Williams,2011,April,3,35.5,13.3,5.3,13.3,0.4,0.7,3.7,0.182,2,3.3,0.6,0.7,3.3,4,13.3,2,1,0.3,2.3,40.1,2,0,-10.7
Deron Williams,2012,December,4,32.7,16.5,5.5,15.8,0.349,1.8,5.3,0.333,3.8,4.3,0.882,1,3.3,4.3,5.8,4.5,1.3,0.8,2,31.7,0,0,-7.5
Deron Williams,2012,January,17,37.8,21.2,7.1,17.1,0.414,2.2,6.3,0.355,4.8,5.8,0.828,0.5,2.9,3.4,9.1,4.4,0.9,0.2,2.1,38,9,0,-3.2
Deron Williams,2012,February,14,38.1,24.4,8.1,19.6,0.415,2.8,7.3,0.382,5.4,6.1,0.872,0.4,2.9,3.4,8.1,3.8,1.4,0.6,2.5,42.6,4,0,-5.1
Deron Williams,2012,March,14,34.2,20.9,7.3,17.6,0.415,1.8,6.1,0.294,4.5,5.5,0.818,0.3,2.7,3,9.5,3.5,1.2,0.2,1.8,39.5,5,0,-0.3
Deron Williams,2012,April,6,35.3,15.7,5.5,14.5,0.379,1,4.5,0.222,3.7,4.3,0.846,0.2,3,3.2,9.7,4,1.7,0.3,3,36,4,0,-3.2
Andrew Bogut,2010,October,2,29.3,7,3,8,0.375,0,0,0,1,2.5,0.4,2,5,7,0,1.5,0,1,4,16.9,0,0,-3.5
Andrew Bogut,2010,November,8,34.8,19.1,8.6,14.8,0.585,0,0.1,0,1.9,3.8,0.5,3,7.5,10.5,2.5,2,1.1,1.9,3.3,42.5,6,0,7.5
Andrew Bogut,2010,December,14,31.7,13.9,6.1,13.6,0.447,0,0,0,1.7,2.8,0.615,3.4,6.1,9.6,2.1,1.8,0.3,2,3.6,33.5,5,0,-2.6
Andrew Bogut,2010,January,15,33.4,17.3,7,12.5,0.561,0,0.1,0,3.3,4.5,0.735,2.9,8.4,11.3,1.8,2.3,0.7,2.7,3.5,41.2,9,0,0.9
Andrew Bogut,2010,February,14,30.8,16.2,7.6,13.9,0.544,0,0,0,1.1,1.8,0.6,3.4,7.5,10.9,1.7,1.9,0.2,2.8,2.4,39,8,0,7.3
Andrew Bogut,2010,March,14,33,15.4,6.3,12.9,0.486,0,0,0,2.9,4.4,0.645,2.6,6.8,9.4,1.9,1.6,0.9,3.1,3.3,40,8,0,5.9
Andrew Bogut,2010,April,2,27.1,15.5,7,11.5,0.609,0,0,0,1.5,4,0.375,2.5,5.5,8,0,1.5,0.5,3.5,3,35.6,1,0,5.5
Andrew Bogut,2011,October,3,33.3,12.3,5.3,10.7,0.5,0,0.3,0,1.7,4,0.417,3.3,7.7,11,1.3,1.3,0.3,2.7,4,35.2,1,0,4
Andrew Bogut,2011,November,9,34,11.3,4.9,10.3,0.473,0,0.1,0,1.6,3.2,0.483,4,6.9,10.9,1.2,1.4,0.1,2.7,2.7,33.1,3,0,0.3
Andrew Bogut,2011,December,12,37.3,15.9,6.9,13.6,0.509,0,0.1,0,2.1,4.8,0.431,3.6,8.7,12.3,1.9,2.2,0.9,3,3.4,43.1,7,0,-0.4
Andrew Bogut,2011,January,15,36.4,12.7,5.7,11.9,0.483,0,0,0,1.3,3.6,0.352,3.3,8.5,11.9,2.3,1.7,1,2.7,3.4,40,6,0,0
Andrew Bogut,2011,February,10,35.6,9.8,4.2,9.7,0.433,0,0,0,1.4,3.2,0.438,1.9,9,10.9,2.3,1.9,0.2,2.9,3.7,33.7,2,0,-3.5
Andrew Bogut,2011,March,12,33.8,14.8,6.8,12.2,0.555,0,0,0,1.3,2,0.625,2.8,7.4,10.2,2.3,3,1,1.9,2.9,36.1,4,0,2.9
Andrew Bogut,2011,April,4,33.9,8.5,3.8,8.3,0.455,0,0.3,0,1,2,0.5,2,6.3,8.3,2,0.5,1.3,1.8,4.3,29.9,1,0,0
Andrew Bogut,2012,December,3,34.3,15,6.7,15.3,0.435,0,0,0,1.7,2.7,0.625,2.3,8.7,11,2.3,1.7,1.3,1.3,3.7,38,1,0,4.3
Andrew Bogut,2012,January,9,29,10.1,4.6,10,0.456,0,0.1,0,1,1.7,0.6,1.7,5.8,7.4,2.7,2.1,0.9,2.2,2.8,30.3,2,0,0.7
Andrew Bynum,2010,October,2,34.6,20,7.5,14,0.536,0,0,0,5,6,0.833,4,7.5,11.5,1,1.5,1,0.5,3,38.3,2,0,-6.5
Andrew Bynum,2010,November,12,35.3,18,7.3,12.7,0.572,0,0,0,3.5,4.8,0.724,3.1,6.9,10,1.1,2.4,0.4,2.2,2.9,37,6,0,9.7
Andrew Bynum,2010,December,15,27.7,11.6,4.5,8.5,0.531,0,0.1,0,2.5,3.6,0.704,2.3,3.8,6.1,1.5,1.3,0.5,1.4,3.4,25.4,0,0,1.8
Andrew Bynum,2010,January,17,32.8,16.9,7.1,11.9,0.594,0,0,0,2.8,3.5,0.8,2.4,6.4,8.8,1.2,1.3,0.4,1.5,2.4,33.8,6,0,5.8
Andrew Bynum,2010,February,10,26.1,12.1,5.2,9.2,0.565,0,0,0,1.7,2.6,0.654,2.2,5.6,7.8,0.3,2,0.9,0.6,3.3,24.4,3,0,-1.8
Andrew Bynum,2010,March,9,27.7,15.3,5.6,9.6,0.581,0,0,0,4.2,5.7,0.745,3.9,5,8.9,0.7,2.3,0.6,1.6,3.1,31,4,0,7.2
Andrew Bynum,2011,December,9,20.5,8.6,3.1,5.7,0.549,0,0,0,2.3,3.8,0.618,2.1,4.1,6.2,0.9,1,0,1,1.9,19.4,0,0,-0.8
Andrew Bynum,2011,January,15,27.1,13.1,5.3,9.1,0.581,0,0,0,2.5,3.6,0.704,2.8,5.1,7.9,0.9,1.3,0.1,2.2,3.3,29.6,4,0,8
Andrew Bynum,2011,February,12,28.9,11.3,4.3,8.2,0.531,0,0,0,2.7,3.9,0.681,3.3,5.3,8.6,2.1,1.8,0.6,1.8,2.1,30.3,3,0,3.5
Andrew Bynum,2011,March,11,31.2,12.7,4.8,7.5,0.646,0,0,0,3.1,4.4,0.708,4.5,8.7,13.3,1.5,1.2,0.4,2.5,2.8,38.1,7,0,6.6
Andrew Bynum,2011,April,7,31.3,9,3.6,6.6,0.543,0,0,0,1.9,3.7,0.5,2.9,9.1,12,1.6,1.7,0.9,2.1,2.4,33,3,0,-4.1
Andrew Bynum,2012,December,1,31.6,29,13,18,0.722,0,0,0,3,3,1,6,7,13,1,5,1,2,2,50.1,1,0,11
Andrew Bynum,2012,January,17,34.4,15.8,6.2,11.7,0.533,0,0,0,3.3,5.8,0.571,3,9.1,12.1,1.2,2.2,0.4,1.9,2.2,36.8,10,0,3.9
Andrew Bynum,2012,February,13,35.1,15.7,6.4,11.7,0.546,0,0.2,0,2.9,4.2,0.691,3.6,10.1,13.7,1.5,2.4,0.5,2.3,1.8,40.5,11,0,0.3
Andrew Bynum,2012,March,17,38.2,22.2,8.8,13.7,0.639,0.1,0.1,0.5,4.6,6.1,0.76,2.9,8,10.9,1.8,3.1,0.4,1.9,1.1,42.1,11,0,4.6
Andrew Bynum,2012,April,12,32.5,20.3,7.8,16.2,0.479,0,0.1,0,4.8,6.5,0.744,3.2,7.4,10.6,1.1,2.3,0.4,1.6,2,38.4,4,0,-4
Ramon Sessions,2010,October,2,20.1,4.5,2,6,0.333,0,1,0,0.5,1,0.5,1,4.5,5.5,1.5,0.5,1,0,0.5,15.9,0,0,6
Ramon Sessions,2010,November,15,23.7,9,3.6,6.9,0.524,0,0.2,0,1.8,2.5,0.73,0.8,2.1,2.9,3.4,1.7,0.6,0,1.9,17.7,0,0,-7.1
Ramon Sessions,2010,December,16,20,7.8,2.9,6.4,0.451,0.1,0.1,0.5,1.9,3.5,0.554,0.8,1.8,2.6,3.1,1.8,0.8,0.1,2.1,16.5,0,0,-2.2
Ramon Sessions,2010,January,16,20.4,6.6,2.2,5.4,0.402,0,0.1,0,2.2,2.9,0.761,0.6,1.9,2.5,2.9,1.5,0.8,0.1,1.1,15.1,0,0,-1
Ramon Sessions,2010,February,12,21.7,8.5,3.4,7,0.488,0,0.2,0,1.7,2.2,0.769,0.5,1.9,2.4,4.2,1.5,0.6,0,1.5,17.9,0,0,0.6
Ramon Sessions,2010,March,14,19.1,8,3,7.1,0.424,0,0.1,0,2,2.3,0.875,0.8,1.3,2.1,2.4,1.9,0.5,0.1,1.6,14,0,0,-3.3
Ramon Sessions,2010,April,7,23.2,12.4,4.4,9.7,0.456,0,0.3,0,3.6,4.9,0.735,0.6,2.1,2.7,3.4,1.9,0.6,0.1,2.1,21.1,1,0,-4.4
Ramon Sessions,2011,October,3,29.9,13,5.3,12.7,0.421,0,0,0,2.3,3.3,0.7,0.7,1.7,2.3,3.3,4,1.3,0,1.7,20.8,0,0,-3.3
Ramon Sessions,2011,November,14,22.2,10.2,3.4,8.4,0.41,0,0.1,0,3.4,4.4,0.77,0.8,2.4,3.1,4.4,1.3,0.1,0.1,0.8,20,0,0,-1.3
Ramon Sessions,2011,December,14,19.1,8.6,2.6,6.1,0.424,0,0.1,0,3.4,4,0.857,0.4,1.7,2.1,3.5,1.2,0.6,0,0.9,17,0,0,-7.5
Ramon Sessions,2011,January,16,29.3,13.4,4.6,9.9,0.462,0,0.1,0,4.3,5.1,0.852,0.6,2.6,3.1,6.2,2.4,0.8,0.2,1.5,27.1,2,0,-12.3
Ramon Sessions,2011,February,11,35.5,19.9,6.5,11.5,0.563,0.3,0.5,0.6,6.7,8.3,0.813,0.5,3.8,4.3,8.8,2.9,1.7,0.4,1.9,41.6,5,0,-2
Ramon Sessions,2011,March,15,28,13.2,4.7,10.8,0.432,0,0.2,0,3.9,5,0.773,0.7,3.1,3.9,4.7,2.8,0.7,0,0.8,24,0,0,-8.9
Ramon Sessions,2011,April,8,23.2,17.6,6,11.3,0.533,0,0.4,0,5.6,6.1,0.918,0.4,2.1,2.5,4,2.4,0.4,0,1,25.4,0,0,-1.5
Ramon Sessions,2012,December,3,23.2,13.3,4.3,10.7,0.406,1.3,3.7,0.364,3.3,3.7,0.909,0.7,4.3,5,4.7,2.3,1,0,1.7,27,0,0,5
Ramon Sessions,2012,January,17,22,8.2,2.4,7.2,0.333,0.2,0.8,0.308,3.1,3.7,0.841,0.5,2.2,2.7,4.6,1.9,0.5,0,1.3,17.8,0,0,-2.9
Ramon Sessions,2012,February,13,29.2,12.4,4.2,9.7,0.437,0.9,1.8,0.5,3,3.8,0.796,0.4,3.2,3.6,6.5,2.1,0.5,0.1,2.1,26.2,2,0,-0.2
Ramon Sessions,2012,March,17,26.3,11.8,3.9,8.2,0.479,0.8,1.7,0.483,3.1,3.9,0.776,0.4,2.6,2.9,5.6,2.2,1,0.1,1.4,24.9,2,0,2.4
Ramon Sessions,2012,April,14,31.2,12.9,4.7,10.3,0.458,0.6,1.4,0.45,2.9,4.1,0.69,0.8,3.2,4,5.9,2.6,0.6,0,1.6,25.9,1,0,-2.9
Samardo Samuels,2011,October,1,7.1,7,3,5,0.6,0,0,0,1,1,1,0,0,0,0,0,0,0,0,7,0,0,-1
Samardo Samuels,2011,December,3,3.6,2,0.3,0.7,0.5,0,0,0,1.3,1.7,0.8,0.7,0.7,1.3,0,0.3,0.3,0.3,0.3,5.3,0,0,0.3
Samardo Samuels,2011,January,13,18,6,2.4,5.1,0.47,0,0.1,0,1.2,2,0.615,1.9,2.2,4.1,0.1,1.5,0.3,0.5,2.2,11.8,0,0,-6.1
Samardo Samuels,2011,February,6,13.2,5.5,2.3,5.2,0.452,0,0,0,0.8,1.3,0.625,0.8,1.8,2.7,0.5,0.5,0,0.5,2,10.5,0,0,0.7
Samardo Samuels,2011,March,13,26.2,11.9,4.4,10,0.438,0,0.2,0,3.2,5.1,0.621,3.1,2.8,5.8,1,1.8,0.8,0.5,3.2,22.5,2,0,-4.6
Samardo Samuels,2011,April,1,28.4,9,4,7,0.571,0,0,0,1,4,0.25,3,6,9,0,5,0,1,5,17.8,0,0,-6
Samardo Samuels,2012,December,2,19.8,11,4,6,0.667,0,0,0,3,5,0.6,0.5,1.5,2,0.5,2,0,0,4,12.2,0,0,4.5
Samardo Samuels,2012,January,11,12.9,4.6,1.5,4,0.386,0,0,0,1.5,2.1,0.739,0.6,2.4,3,0.3,1.5,0.5,0.4,1.8,9.9,0,0,1.2
Samardo Samuels,2012,February,8,10.3,2.3,0.8,3,0.25,0,0,0,0.8,1.3,0.6,0.8,2,2.8,0.4,0.1,0,0.3,1.8,6.7,0,0,-4
Samardo Samuels,2012,March,17,15.6,5.3,1.9,3.9,0.493,0,0,0,1.4,2.1,0.667,1.4,2,3.4,0.2,1.1,0.5,0.4,2.2,11.2,0,0,-2.8
Samardo Samuels,2012,April,16,18.5,6.9,2.6,5.3,0.488,0,0,0,1.8,2.4,0.763,1.6,2.4,4,0.6,1,0.3,0.5,2.1,14,1,0,-2.9
Semih Erden,2011,November,14,11.5,3.2,1.1,2.3,0.5,0,0,0,0.9,1.4,0.684,0.6,1.4,2,0.6,0.9,0.1,0.3,2.4,6.9,0,0,-3.2
Semih Erden,2011,December,10,17.3,5.1,2,2.9,0.69,0,0,0,1.1,2.1,0.524,0.9,2.2,3.1,0.2,0.7,0.3,1,2.6,12.3,0,0,0.1
Semih Erden,2011,January,10,16.8,4.8,1.9,3,0.633,0,0,0,1,1.4,0.714,1.2,3.4,4.6,0.3,1.1,0.7,0.6,2.8,13.6,0,0,2.1
Semih Erden,2011,February,3,9.5,2,1,2,0.5,0,0,0,0,0,0,0.3,0.3,0.7,1.7,0.3,0.3,0.3,1.3,7,0,0,0
Semih Erden,2011,March,1,10.7,0,0,3,0,0,0,0,0,0,0,5,0,5,0,1,0,1,2,8,0,0,-2
Semih Erden,2011,April,3,17.8,4.3,1.3,3.7,0.364,0,0,0,1.7,2,0.833,0.3,1.7,2,0.3,0.3,0.7,0.7,3.3,10.9,0,0,-2.7
Semih Erden,2012,January,8,11.9,3.4,1.1,2.4,0.474,0,0,0,1.1,2,0.563,0.4,1.8,2.1,0.1,0.9,0.5,0.1,2.9,7.1,0,0,-2.8
Semih Erden,2012,February,12,13.1,3.4,1.5,2.6,0.581,0,0,0,0.4,1.3,0.333,0.8,2.4,3.3,0.7,0.3,0.3,0.3,2,9.7,0,0,-4.3
Semih Erden,2012,March,5,9.6,3.2,1.2,2.8,0.429,0,0,0,0.8,1.2,0.667,0.4,0.4,0.8,0,0.4,0,0,2,3.8,0,0,-3.2
Semih Erden,2012,April,3,10.9,5,2,3.3,0.6,0,0,0,1,1.3,0.75,1.7,2.3,4,0,1,0.7,0.3,1,11.8,0,0,3
Luis Scola,2010,October,3,25.5,10.7,4.7,10.3,0.452,0.3,0.3,1,1,2,0.5,1.7,5.3,7,1,1.7,1,0.3,3.7,22.9,1,0,-0.3
Luis Scola,2010,November,14,29.4,15.2,6.5,12.2,0.532,0,0,0,2.2,2.8,0.795,2.4,7.4,9.8,2.1,2.5,0.9,0.4,2.8,31.4,8,0,-0.5
Luis Scola,2010,December,16,31.8,14.4,6.5,12.6,0.517,0,0,0,1.4,2.1,0.697,1.8,7.3,9,1.9,1.1,0.4,0.3,2.8,29.1,6,0,-0.6
Luis Scola,2010,January,14,32.5,16.6,6.9,13.4,0.511,0,0.1,0,2.9,3.8,0.755,2.1,5.4,7.4,1.6,1.7,0.7,0.3,2.9,29.2,3,0,-1.3
Luis Scola,2010,February,11,27.5,13,5,10.3,0.487,0,0,0,3,3.5,0.846,1.7,5.4,7.1,2.1,2.4,0.5,0.5,2.7,25.3,3,0,-1.3
Luis Scola,2010,March,16,38.9,20.6,8.8,16.8,0.52,0,0.1,0,3.1,3.7,0.847,3,7.5,10.5,2.5,2.4,1,0.3,3.7,38.3,10,0,-1.4
Luis Scola,2010,April,8,36.9,18.5,7.5,14.6,0.513,0,0,0,3.5,4.8,0.737,1.5,5.1,6.6,2.5,2,1,0.4,2.8,32.3,1,0,1.8
Luis Scola,2011,October,3,36.1,27.3,11,19.3,0.569,0,0,0,5.3,7,0.762,4,10,14,2,1.7,0.7,1,1.3,50.5,3,0,-1.7
Luis Scola,2011,November,14,32.8,19.1,7.7,15.7,0.491,0,0.1,0,3.7,5.9,0.627,1.9,6.1,8,2.1,1.6,0.8,0.6,3.4,34.6,1,0,-0.1
Luis Scola,2011,December,15,32.5,19.1,8.3,16.4,0.504,0,0.1,0,2.6,3.5,0.736,1.7,5.7,7.5,2.5,2.3,0.5,1,3.2,34.1,3,0,7.7
Luis Scola,2011,January,17,33.4,18.2,7.5,15.2,0.494,0,0,0,3.2,4.1,0.771,1.8,6.7,8.5,2.5,1.9,0.9,0.4,3.2,34.3,6,0,0.9
Luis Scola,2011,February,12,32.5,16.6,7.2,14.9,0.48,0,0.1,0,2.3,2.6,0.871,2.4,5.5,7.9,2.8,1.8,0.4,0.3,3.3,30.8,2,0,4.1
Luis Scola,2011,March,9,29.3,15.1,6.6,12.4,0.527,0,0,0,2,2.4,0.818,1.4,5.3,6.8,2.2,1.3,0.2,0.7,2.3,27.9,1,0,5.9
Luis Scola,2011,April,4,34,17.5,7.8,13.8,0.564,0,0,0,2,2.5,0.8,2.5,7.5,10,3.8,4.5,1,0,3.3,33.6,3,0,0.5
Luis Scola,2012,December,4,31.4,15.5,7,13,0.538,0,0,0,1.5,2,0.75,2,3.8,5.8,1.5,2.3,0.8,0.3,3.3,25.4,0,0,7
Luis Scola,2012,January,17,30.2,15,6.5,13.9,0.47,0,0.1,0,1.9,2.6,0.75,1.6,4.1,5.7,1.8,2.8,0.2,0.2,2.9,23.2,1,0,2.5
Luis Scola,2012,February,15,30,15.4,6.7,13.7,0.493,0,0,0,1.9,2.4,0.806,2.3,4.5,6.8,1.4,2.8,0.4,0.4,3.2,25.3,4,0,-2.8
Luis Scola,2012,March,16,33.2,17.4,7,12.9,0.541,0,0,0,3.4,4.5,0.75,1.4,5.8,7.2,2.8,2,0.5,0.3,3.3,30.6,4,0,1.9
Luis Scola,2012,April,14,31.9,14.2,6,13.4,0.447,0,0.1,0,2.2,2.7,0.816,2.1,4.4,6.5,2.7,1.6,1,0.6,3.6,29.2,2,0,0.6
Jeff Green,2010,October,2,37.4,20,7.5,13.5,0.556,2,4.5,0.444,3,3,1,0,5.5,5.5,2,3,1.5,1,4,34.1,0,0,12
Jeff Green,2010,November,15,34.4,13.8,5.1,12.5,0.412,1.1,4,0.267,2.5,3.2,0.771,1.5,4.7,6.2,1.5,1.7,1.1,0.9,2.7,28,3,0,-2.7
Jeff Green,2010,December,15,37.1,14.5,5.8,12.7,0.458,1.1,3.6,0.315,1.7,2.3,0.743,1.6,4.3,5.9,2,1.7,0.8,0.7,2.1,27.4,2,0,-2
Jeff Green,2010,January,15,38.4,13.7,5.5,12.8,0.432,0.9,3.4,0.275,1.7,2.2,0.758,1.9,4.7,6.6,1.5,1.4,1.1,0.7,2.8,27.8,2,0,0.9
Jeff Green,2010,February,11,39.8,16.9,6.5,13.5,0.483,1.6,3.8,0.429,2.2,3,0.727,1.7,4.5,6.2,0.8,1.5,1.9,0.9,2.7,32.5,2,0,9.2
Jeff Green,2010,March,16,35.3,15.7,6.1,12.9,0.471,1.4,3.4,0.426,2.1,2.6,0.81,0.9,4.4,5.3,1.8,1.4,1.4,0.9,2.9,30.5,0,0,4
Jeff Green,2010,April,8,39.7,16.6,6.8,14.9,0.454,1.5,5.3,0.286,1.6,3.3,0.5,0.4,5.4,5.8,2.1,2.1,1.5,1.1,2.8,32.5,2,0,-1.1
Jeff Green,2011,October,3,40.2,19.7,6.3,16.3,0.388,1,5.7,0.176,6,8,0.75,1,5,6,0.3,1.7,1.3,0.7,2.7,31.7,0,0,-4.3
Jeff Green,2011,November,8,39.6,16.8,6,13.3,0.453,1.5,3.8,0.4,3.3,3.9,0.839,1.6,5.5,7.1,1.5,1.4,0.6,0.4,3.1,29.2,1,0,-1.9
Jeff Green,2011,December,16,37,15,5.3,12.5,0.42,0.9,3.9,0.242,3.6,4.1,0.864,1.4,3.7,5.1,2.8,1.4,0.9,0.2,2.5,27.2,0,0,2.8
Jeff Green,2011,January,13,37.1,13.2,5.2,12.2,0.428,1,3.3,0.302,1.8,2.5,0.697,1.2,4.8,6,1.7,1.5,1,0.5,3,25.8,2,0,-2.2
Jeff Green,2011,February,11,31,13.7,5,10.5,0.478,1.2,3,0.394,2.5,2.9,0.875,0.4,3.5,3.9,0.9,1.8,0.3,0.8,3,21.2,0,0,3.8
Jeff Green,2011,March,16,23.2,10.9,4.3,7.9,0.535,0.5,1.2,0.421,1.9,2.6,0.756,0.6,2,2.6,0.6,0.9,0.6,0.5,2.9,17.2,0,0,0.1
Jeff Green,2011,April,8,25.5,8.4,3.3,8,0.406,0,0.9,0,1.9,2.1,0.882,0.8,4.4,5.1,1.3,0.8,0.5,0.8,2.4,19.4,1,0,-4.1
Darrell Arthur,2010,February,9,11.7,2.1,1,3.1,0.321,0,0,0,0.1,0.4,0.25,0.9,2.2,3.1,0.4,0.7,0.4,0.3,1.2,8.2,0,0,-4.8
Darrell Arthur,2010,March,15,12.2,4.1,1.8,3.4,0.529,0,0,0,0.5,0.9,0.5,1.1,1.5,2.7,0.5,0.5,0.2,0.4,1.9,9.2,1,0,-2.4
Darrell Arthur,2010,April,8,21.1,7.9,3.4,8.4,0.403,0,0.1,0,1.1,1.5,0.75,1.5,3.8,5.3,0.5,1,0.9,0.6,2.5,18.4,0,0,-3.8
Darrell Arthur,2011,October,3,29.3,17,7,11.7,0.6,0,0,0,3,3,1,1,3.7,4.7,0.7,1.3,1,0.3,5.3,26.3,0,0,5
Darrell Arthur,2011,November,14,21.7,7.8,3.4,6.6,0.516,0,0,0,0.9,1.4,0.684,1.4,3.9,5.2,0.5,1.1,0.8,0.9,2.6,18.9,1,0,0.4
Darrell Arthur,2011,December,13,18.2,6.4,2.8,6.5,0.44,0,0.1,0,0.7,0.9,0.75,1.7,2.1,3.8,0.4,0.9,0.6,0.2,2.5,12.9,1,0,-2.6
Darrell Arthur,2011,January,17,18.4,9.4,3.9,7.4,0.532,0,0,0,1.5,1.9,0.788,1.5,1.6,3.2,0.7,0.7,0.7,0.4,2.1,16.8,0,0,0.9
Darrell Arthur,2011,February,12,19.8,9.5,3.8,7.3,0.517,0,0.1,0,2,2.5,0.8,1.5,2.8,4.3,0.4,1.1,0.4,1.1,3.7,18.7,0,0,0.6
Darrell Arthur,2011,March,14,21.9,12.4,5.4,10.8,0.497,0,0.3,0,1.6,1.7,0.958,1.2,4,5.2,0.9,1.6,0.6,1.6,2.8,24.8,0,0,2.5
Darrell Arthur,2011,April,7,17.4,5.6,2.4,6.9,0.354,0,0,0,0.7,1,0.714,1.4,2.4,3.9,1.3,1.3,0.7,0.9,3.3,15.6,0,0,-0.6